"gap_id","topic_title","topic_area","search_volume","keyword_difficulty","primary_keyword","content_type","estimated_time","approval_status","created_at"
"GAP-QW-001","SIP Investment Benefits and Types","mutual_funds","3500","22","sip investment benefits","informational","30-45 days","Pending","2026-01-27T17:32:16.573Z"
"GAP-QW-002","Options Trading Strategies for Beginners","derivatives","3000","20","options trading strategies","informational","30-45 days","Pending","2026-01-27T17:32:16.573Z"
"GAP-QW-003","Best Wealth Management Apps in India","fintech","4000","24","wealth management apps","informational","30-45 days","Pending","2026-01-27T17:32:16.573Z"
"GAP-QW-004","Digital Gold Investment Benefits and Risks","digital_gold","2500","21","digital gold investment","informational","30-45 days","Pending","2026-01-27T17:32:16.573Z"
"GAP-QW-005","Fractional Investing Benefits and Risks","investing","2000","23","fractional investing","informational","30-45 days","Pending","2026-01-27T17:32:16.573Z"
"GAP-QW-006","Algorithmic Trading Strategies for Beginners","trading","3000","25","algorithmic trading strategies","informational","30-45 days","Pending","2026-01-27T17:32:16.573Z"
"GAP-QW-007","Robo Advisory Services in India","robo_advisory","2500","22","robo advisory services","informational","30-45 days","Pending","2026-01-27T17:32:16.573Z"
"GAP-QW-008","Systematic Investment Plan (SIP) Benefits","mutual_funds","3000","20","sip benefits","informational","30-45 days","Pending","2026-01-27T17:32:16.573Z"
"GAP-QW-009","Index Funds vs ETFs: Complete Comparison","index_investing","4000","24","index funds vs etfs","informational","30-45 days","Pending","2026-01-27T17:32:16.573Z"
"GAP-QW-010","Fintech Regulation in India: Complete Guide","fintech_regulation","2000","26","fintech regulation india","informational","30-45 days","Pending","2026-01-27T17:32:16.573Z"
"GAP-QW-011","How to Calculate Options Payoff","derivatives","1800","18","options payoff calculation","informational","30-45 days","Pending","2026-01-27T17:32:16.573Z"
"GAP-QW-012","Understanding Options Greeks: Delta & Gamma","derivatives","2100","19","options greeks delta gamma","informational","30-45 days","Pending","2026-01-27T17:32:16.573Z"
"GAP-QW-013","Top 5 Low‑Cost Index Funds in India 2026","index_investing","3200","23","low cost index funds","informational","30-45 days","Pending","2026-01-27T17:32:16.573Z"
"GAP-QW-014","Best SIP Mutual Funds for Tax Saving 2026","mutual_funds","2800","22","sip mutual funds tax saving","informational","30-45 days","Pending","2026-01-27T17:32:16.573Z"
"GAP-QW-015","How to Open a Derivatives Trading Account","derivatives","2600","21","open derivatives trading account","informational","30-45 days","Pending","2026-01-27T17:32:16.573Z"
"GAP-QW-016","Top 3 Robo Advisory Platforms for Beginners","robo_advisory","1900","20","robo advisory platforms","informational","30-45 days","Pending","2026-01-27T17:32:16.573Z"
"GAP-QW-017","Digital Gold vs Physical Gold: Which is Better?","digital_gold","2300","22","digital gold vs physical gold","informational","30-45 days","Pending","2026-01-27T17:32:16.573Z"
"GAP-QW-018","Fractional Shares: How to Invest with Small Amounts","investing","1700","19","fractional shares investing","informational","30-45 days","Pending","2026-01-27T17:32:16.573Z"
"GAP-QW-019","Best Low‑Cost Futures Brokers for Retail Traders 2026","","4200","22","","","","Pending","2026-01-28T14:49:07.304Z"
"GAP-QW-020","How to Set Stop‑Loss in Options Trading – Quick Guide","","3800","19","","","","Pending","2026-01-28T14:49:07.304Z"
"GAP-QW-021","Derivatives Margin Calculator – Free Online Tool","","3500","21","","","","Pending","2026-01-28T14:49:07.304Z"
"GAP-QW-022","Top 5 Options Strategies for Beginners in India","","3100","24","","","","Pending","2026-01-28T14:49:07.304Z"
"GAP-QW-023","Futures Trading Fees Explained – 2026 Update","","2900","20","","","","Pending","2026-01-28T14:49:07.304Z"
"GAP-QW-024","How to Read an Options Chain on NSE – Simple Steps","","2700","18","","","","Pending","2026-01-28T14:49:07.304Z"
"GAP-QW-025","Derivatives Trading Hours & Session Timings in India","","2500","15","","","","Pending","2026-01-28T14:49:07.304Z"
"GAP-QW-026","Understanding SEBI’s New Derivatives Margin Rules 2025","","2400","27","","","","Pending","2026-01-28T14:49:07.304Z"
"GAP-QW-027","Quick FAQ: Tax on Futures & Options Gains in India","","2300","22","","","","Pending","2026-01-28T14:49:07.304Z"
"GAP-QW-028","Best Mobile Apps for Real‑Time Derivatives Charts","","2200","23","","","","Pending","2026-01-28T14:49:07.304Z"
"GAP-QW-029","How to Transfer Futures Positions Between Brokers","","2100","24","","","","Pending","2026-01-28T14:49:07.304Z"
"GAP-QW-030","Derivatives Trading Glossary – 100+ Terms Explained","","2000","18","","","","Pending","2026-01-28T14:49:07.304Z"
"GAP-QW-031","Step‑by‑Step: Opening a Derivatives Trading Account on Groww","","1900","20","","","","Pending","2026-01-28T14:49:07.304Z"
"GAP-QW-032","How to Use Limit Orders in Futures Trading","","1800","19","","","","Pending","2026-01-28T14:49:07.304Z"
"GAP-QW-033","Top 3 Mistakes New Options Traders Make","","1700","21","","","","Pending","2026-01-28T14:49:07.304Z"
"GAP-QW-034","Derivatives Trading on Mobile vs Desktop – Pros & Cons","","1600","22","","","","Pending","2026-01-28T14:49:07.304Z"
"GAP-QW-035","How to Set Up a Weekly Options Calendar Spread","","1500","25","","","","Pending","2026-01-28T14:49:07.304Z"
"GAP-QW-036","Understanding Implied Volatility for Indian Options","","1400","27","","","","Pending","2026-01-28T14:49:07.304Z"
"GAP-QW-037","Derivatives Trading Checklist for Beginners","","1300","18","","","","Pending","2026-01-28T14:49:07.304Z"
"GAP-QW-038","How to Use the NSE Futures Calculator – Quick Tutorial","","1200","20","","","","Pending","2026-01-28T14:49:07.304Z"
"GAP-QW-039","Small Cap vs Mid Cap vs Large Cap Funds: Complete Comparison","","3500","22","","","","Pending","2026-01-28T15:33:28.716Z"
"GAP-QW-040","How to Open a Demat Account for Derivatives Trading","","4200","18","","","","Pending","2026-01-28T15:33:28.716Z"
"GAP-QW-041","Options Trading Fees Comparison: Zerodha vs Groww vs Paytm Money","","3100","20","","","","Pending","2026-01-28T15:33:28.716Z"
"GAP-QW-042","NIFTY Futures Expiry Calendar 2026","","2900","15","","","","Pending","2026-01-28T15:33:28.716Z"
"GAP-QW-043","Best Options Trading Apps for Beginners in India","","3800","24","","","","Pending","2026-01-28T15:33:28.716Z"
"GAP-QW-044","How to Calculate Options Payoff Diagram Manually","","2600","0","","","","Pending","2026-01-28T15:33:28.716Z"
"GAP-QW-045","Small Cap vs Mid Cap vs Large Cap Funds: Complete Comparison","","3500","22","","","","Pending","2026-01-28T16:15:06.694Z"
"GAP-QW-046","How to Calculate Options Premium in India","","4200","18","","","","Pending","2026-01-28T16:15:06.694Z"
"GAP-QW-047","Understanding Futures Contract Lot Sizes","","3100","20","","","","Pending","2026-01-28T16:15:06.694Z"
"GAP-QW-048","Options Trading Fees Breakdown for Indian Brokers","","2800","19","","","","Pending","2026-01-28T16:15:06.694Z"
"GAP-QW-049","Best Time to Trade Options in India (Expiry Calendar 2026)","","2600","21","","","","Pending","2026-01-28T16:15:06.694Z"
"GAP-QW-050","Futures Margin Calculator – Free Online Tool","","3000","17","","","","Pending","2026-01-28T16:15:06.694Z"
"GAP-QW-051","Options Greeks Explained with Simple Examples","","3400","23","","","","Pending","2026-01-28T16:15:06.694Z"
"GAP-QW-052","Tax Implications of Intraday Options Trading","","2500","22","","","","Pending","2026-01-28T16:15:06.694Z"
"GAP-QW-053","Zero Brokerage Options Brokers in India – 2026 List","","3200","24","","","","Pending","2026-01-28T16:15:06.694Z"
"GAP-QW-054","How to Set Stop Loss for Options Trades","","2900","20","","","","Pending","2026-01-28T16:15:06.694Z"
"GAP-QW-055","Futures vs Options: Which is Better for Beginners?","","3600","21","","","","Pending","2026-01-28T16:15:06.694Z"
"GAP-QW-056","Understanding Implied Volatility in Indian Markets","","2700","22","","","","Pending","2026-01-28T16:15:06.694Z"
"GAP-QW-057","Step‑by‑Step Guide to Open an Options Trading Account","","3100","19","","","","Pending","2026-01-28T16:15:06.694Z"
"GAP-QW-058","Best Mobile Apps for Options Trading in India 2026","","3400","23","","","","Pending","2026-01-28T16:15:06.694Z"
"GAP-QW-059","How to Use GTT (Good Till Triggered) for Options","","2500","18","","","","Pending","2026-01-28T16:15:06.694Z"
"GAP-QW-060","Options Trading Strategies with Low Capital (₹10k‑₹20k)","","2800","24","","","","Pending","2026-01-28T16:15:06.694Z"
"GAP-QW-061","Futures Trading Tax Calculator – Free Tool","","3000","20","","","","Pending","2026-01-28T16:15:06.694Z"
"GAP-QW-062","Understanding SEBI’s New Derivatives Margin Rules 2026","","2600","25","","","","Pending","2026-01-28T16:15:06.694Z"
"GAP-QW-063","How to Hedge Equity Positions Using Options","","3300","23","","","","Pending","2026-01-28T16:15:06.694Z"
"GAP-QW-064","Top 5 Low‑Risk Options Strategies for Indian Investors","","3100","22","","","","Pending","2026-01-28T16:15:06.694Z"
"GAP-QW-065","Small Cap vs Mid Cap vs Large Cap Funds: Complete Comparison","DERIVATIVES","3500","22","","informational","","Pending","2026-01-28T16:22:49.749Z"
"GAP-QW-066","How to Open a Derivatives Trading Account in 2026","DERIVATIVES","4200","24","","informational","","Pending","2026-01-28T16:22:49.749Z"
"GAP-QW-067","Understanding SEBI's New Derivatives Margin Rules 2025","DERIVATIVES","3100","26","","informational","","Pending","2026-01-28T16:22:49.749Z"
"GAP-QW-068","Top 5 Low‑Cost Options Brokers for Indian Retail Traders","DERIVATIVES","3800","23","","informational","","Pending","2026-01-28T16:22:49.749Z"
"GAP-QW-069","Derivatives Trading FAQ – 2026 Edition","DERIVATIVES","2600","20","","informational","","Pending","2026-01-28T16:22:49.749Z"
"GAP-QW-070","Small Cap vs Mid Cap vs Large Cap Funds: Complete Comparison","","3500","22","Small Cap vs Mid Cap vs Large Cap Funds: Complete Comparison","informational","1-2 hours","Pending","2026-01-28T16:41:24.447Z"
"GAP-QW-071","How to Open a Demat Account in 2026 – Step by Step","","4200","18","How to Open a Demat Account in 2026 – Step by Step","informational","1-2 hours","Pending","2026-01-28T16:41:24.447Z"
"GAP-QW-072","Zero Brokerage Stocks: Which Platforms Offer Free Trading?","","3100","20","Zero Brokerage Stocks: Which Platforms Offer Free Trading?","informational","1-2 hours","Pending","2026-01-28T16:41:24.447Z"
"GAP-QW-073","Best SIP Calculator Apps for Indian Investors 2026","","2800","19","Best SIP Calculator Apps for Indian Investors 2026","informational","1-2 hours","Pending","2026-01-28T16:41:24.447Z"
"GAP-QW-074","ETF vs Mutual Fund: Which Is Better for Beginners?","","2600","21","ETF vs Mutual Fund: Which Is Better for Beginners?","informational","1-2 hours","Pending","2026-01-28T16:41:24.447Z"
"GAP-QW-075","How to Transfer Funds Between Demat Accounts","","2400","17","How to Transfer Funds Between Demat Accounts","informational","1-2 hours","Pending","2026-01-28T16:41:24.447Z"
"GAP-QW-076","Understanding SEBI’s New F&O Margin Rules 2025","","2200","24","Understanding SEBI’s New F&O Margin Rules 2025","informational","1-2 hours","Pending","2026-01-28T16:41:24.447Z"
"GAP-QW-077","Top 5 Low‑Cost Index Funds in India for 2026","","2100","23","Top 5 Low‑Cost Index Funds in India for 2026","informational","1-2 hours","Pending","2026-01-28T16:41:24.447Z"
"GAP-QW-078","How to Use a Stock Screener for Indian Markets","","2000","20","How to Use a Stock Screener for Indian Markets","informational","1-2 hours","Pending","2026-01-28T16:41:24.447Z"
"GAP-QW-079","Best Mobile Apps for Real‑Time Stock Alerts 2026","","1900","18","Best Mobile Apps for Real‑Time Stock Alerts 2026","informational","1-2 hours","Pending","2026-01-28T16:41:24.447Z"
"GAP-QW-080","Understanding NIFTY 50 Constituents – Quick Guide","","1800","19","Understanding NIFTY 50 Constituents – Quick Guide","informational","1-2 hours","Pending","2026-01-28T16:41:24.447Z"
"GAP-QW-081","How to Set Up a Systematic Investment Plan (SIP) in 5 Minutes","","1700","16","How to Set Up a Systematic Investment Plan (SIP) in 5 Minutes","informational","1-2 hours","Pending","2026-01-28T16:41:24.447Z"
"GAP-QW-082","Top 3 Robo‑Advisors in India – Features Comparison","","1600","22","Top 3 Robo‑Advisors in India – Features Comparison","informational","1-2 hours","Pending","2026-01-28T16:41:24.447Z"
"GAP-QW-083","Digital Gold vs Physical Gold: Cost Breakdown 2026","","1500","21","Digital Gold vs Physical Gold: Cost Breakdown 2026","informational","1-2 hours","Pending","2026-01-28T16:41:24.447Z"
"GAP-QW-084","Fractional Shares in India – How It Works","","1400","20","Fractional Shares in India – How It Works","informational","1-2 hours","Pending","2026-01-28T16:41:24.447Z"
"GAP-QW-085","FinTech Regulation Updates – SEBI & RBI 2026 Snapshot","","1300","24","FinTech Regulation Updates – SEBI & RBI 2026 Snapshot","informational","1-2 hours","Pending","2026-01-28T16:41:24.447Z"
"GAP-QW-086","","","0","0","","informational","1-2 hours","Pending","2026-01-28T16:41:24.447Z"
"GAP-QW-087","Small Cap vs Mid Cap vs Large Cap Funds: Complete Comparison","","3500","22","","blog post","1-2 hours","Pending","2026-01-28T16:50:58.395Z"
"GAP-QW-088","How to Open a Derivatives Trading Account in 2026","","4200","18","","blog post","1-2 hours","Pending","2026-01-28T16:50:58.395Z"
"GAP-QW-089","NIFTY Options Chain Explained for Beginners","","3800","20","","blog post","1-2 hours","Pending","2026-01-28T16:50:58.395Z"
"GAP-QW-090","Zero‑Commission Brokers for Futures & Options 2026","","2900","15","","blog post","1-2 hours","Pending","2026-01-28T16:50:58.395Z"
"GAP-QW-091","Best Mobile Apps for Real‑Time Options Greeks","","2600","14","","blog post","1-2 hours","Pending","2026-01-28T16:50:58.395Z"
"GAP-QW-092","Understanding Implied Volatility in Indian Options","","2400","19","","blog post","1-2 hours","Pending","2026-01-28T16:50:58.395Z"
"GAP-QW-093","F&O Trading Hours & Session Timings 2026","","2100","12","","blog post","1-2 hours","Pending","2026-01-28T16:50:58.395Z"
"GAP-QW-094","Best SIP Calculator Tools for 2026","","3400","16","","blog post","1-2 hours","Pending","2026-01-28T16:50:58.395Z"
"GAP-QW-095","Top 5 Low‑Cost Index Funds in India 2026","","3700","21","","blog post","1-2 hours","Pending","2026-01-28T16:50:58.395Z"
"GAP-QW-096","How to Transfer Mutual Fund Holdings to a New Platform","","1900","13","","blog post","1-2 hours","Pending","2026-01-28T16:50:58.395Z"
"GAP-QW-097","Robo Advisory vs Traditional Advisory: Pros & Cons","","2600","18","","blog post","1-2 hours","Pending","2026-01-28T16:50:58.395Z"
"GAP-QW-098","Digital Gold vs Physical Gold: Tax & Storage Comparison","","2500","17","","blog post","1-2 hours","Pending","2026-01-28T16:50:58.395Z"
"GAP-QW-099","Fractional Shares: How to Buy a Part of a Stock in India","","2200","14","","blog post","1-2 hours","Pending","2026-01-28T16:50:58.395Z"
"GAP-QW-100","Algorithmic Trading Platforms for Retail Traders 2026","","2800","23","","blog post","1-2 hours","Pending","2026-01-28T16:50:58.395Z"
"GAP-QW-101","NRI Investment Options: Mutual Funds, ETFs & Derivatives","","3100","24","","blog post","1-2 hours","Pending","2026-01-28T16:50:58.395Z"
"GAP-QW-102","Tax Planning for Derivatives Traders in 2026","","2000","19","","blog post","1-2 hours","Pending","2026-01-28T16:50:58.395Z"
"GAP-QW-103","Best Low‑Cost Brokerage Plans for Active Traders","","3300","22","","blog post","1-2 hours","Pending","2026-01-28T16:50:58.395Z"
"GAP-QW-104","How to Use Stop‑Loss Orders in Futures & Options","","2100","16","","blog post","1-2 hours","Pending","2026-01-28T16:50:58.395Z"
"GAP-QW-105","Understanding SEBI’s New Derivatives Regulations 2026","","1800","12","","blog post","1-2 hours","Pending","2026-01-28T16:50:58.395Z"
"GAP-QW-106","Top 7 Wealth Management Apps for 2026 – Feature Comparison","","3600","20","","blog post","1-2 hours","Pending","2026-01-28T16:50:58.395Z"
"GAP-QW-107","What is a Futures Contract? Simple Explanation for Beginners",,"3800","22",,,,"Pending","2026-01-28T17:21:24.939Z"
"GAP-QW-108","Options Trading Fees Comparison: Zerodha vs Groww vs PaytmMoney",,"3400","24",,,,"Pending","2026-01-28T17:21:24.939Z"
"GAP-QW-109","How to Read an Options Chain on NSE",,"4200","20",,,,"Pending","2026-01-28T17:21:24.939Z"
"GAP-QW-110","Margin Requirements for Futures Trading in India 2026",,"3100","23",,,,"Pending","2026-01-28T17:21:24.939Z"
"GAP-QW-111","Best Mobile Apps for Options Trading in India",,"4600","25",,,,"Pending","2026-01-28T17:21:24.939Z"
"GAP-QW-112","Options Trading for Salaried Employees: Tax Benefits Explained",,"2700","21",,,,"Pending","2026-01-28T17:21:24.939Z"
"GAP-QW-113","Intraday Futures Trading Strategies with Low Capital",,"3500","27",,,,"Pending","2026-01-28T17:21:24.939Z"
"GAP-QW-114","SEBI Regulations for Derivatives Trading in 2026 – Quick Summary",,"2900","19",,,,"Pending","2026-01-28T17:21:24.939Z"
"GAP-QW-115","How to Use the NIFTY Options Calculator",,"3200","22",,,,"Pending","2026-01-28T17:21:24.939Z"
"GAP-QW-116","Top 5 Low‑Risk Options Strategies for Beginners",,"4100","24",,,,"Pending","2026-01-28T17:21:24.939Z"
"GAP-QW-117","Understanding Implied Volatility in Indian Options",,"2600","23",,,,"Pending","2026-01-28T17:21:24.939Z"
"GAP-QW-118","Futures vs Options: Which is Better for Short‑Term Trading?",,"3000","26",,,,"Pending","2026-01-28T17:21:24.939Z"
"GAP-QW-119","How to Set Stop‑Loss for Options Trades",,"2400","20",,,,"Pending","2026-01-28T17:21:24.939Z"
"GAP-QW-120","Best Time to Trade Options on NSE – Intraday Tips",,"2800","22",,,,"Pending","2026-01-28T17:21:24.939Z"
"GAP-QW-121","Options Trading Glossary: 50 Terms Every Trader Should Know",,"3500","18",,,,"Pending","2026-01-28T17:21:24.939Z"
"GAP-QW-122","How to Transfer Options Positions Between Brokers",,"2100","25",,,,"Pending","2026-01-28T17:21:24.939Z"
"GAP-QW-123","Understanding the Settlement Process for Futures Contracts",,"2300","21",,,,"Pending","2026-01-28T17:21:24.939Z"
"GAP-QW-124","Top 3 Options Strategies for Volatile Markets",,"3800","27",,,,"Pending","2026-01-28T17:21:24.939Z"
"GAP-QW-125","How to Use Options for Portfolio Insurance",,"2600","24",,,,"Pending","2026-01-28T17:21:24.939Z"
"GAP-QW-126","Derivatives Trading on Mobile: Step‑by‑Step Guide for Android",,"3000","23",,,,"Pending","2026-01-28T17:21:24.939Z"
