"gap_id","topic_area","gap_title","search_volume","keyword_difficulty","commercial_intent","competitor_weakness","our_competitive_edge","estimated_ranking_time","priority_score","primary_keyword","secondary_keywords","content_type_recommendation","word_count_target","expert_required","regulatory_compliance","quick_win","authority_builder","source","approval_status","created_at"
"GAP-001","mutual_funds","Complete Guide to Index Funds vs Mutual Funds 2025","12000","28","High","Groww has outdated 2023 data; Zerodha focuses only on passive investing","Include 2025 expense ratio changes, interactive calculator, video comparison, expert interview","45-60 days","95","index funds vs mutual funds","best index funds 2025, index fund calculator, index fund returns","ymyl","2500","true","SEBI disclosure,Risk warning","false","Yes","AI Analysis","Yes","2025-10-08T12:34:31.715Z"
"GAP-002","tax_planning","Step‑by‑Step Guide to Claiming Section 80C Deductions in 2025","9500","24","Medium","ETMoney’s tax planner lacks a dedicated 80C walkthrough; PaytmMoney only lists instruments","Provide downloadable checklist, real‑time calculator, case studies, and video explainer","30-45 days","90","section 80c deductions guide","how to claim 80c, 80c investment limits 2025, best 80c investments","ymyl","2000","true","Income Tax Act compliance, disclaimer","false","Yes","AI Analysis","Yes","2025-10-08T12:34:31.715Z"
"GAP-003","stock_market","Advanced Technical Analysis Patterns for Indian Equities 2025","14000","32","Medium","Zerodha Varsity covers basics; lacks up‑to‑date pattern library and backtesting tools","Interactive chart widgets, Python notebook examples, expert commentary","50-70 days","88","advanced technical analysis india","indian stock chart patterns, technical analysis backtesting india, candlestick patterns NSE","ymyl","3000","true","SEBI compliance, Risk disclosure","false","true","Yes","Yes","2025-10-08T12:34:31.715Z"
"GAP-004","mutual_funds","Complete Guide to Index Funds vs Mutual Funds 2025","12000","28","High","Groww data outdated; Zerodha only covers passive investing basics","2025 expense ratio table, interactive comparison calculator, video explainer, expert interview","45-60 days","95","index funds vs mutual funds","best index funds 2025, index fund calculator, index fund returns","ymyl","2500","true","SEBI disclosure,Risk warning","false","Yes","AI Analysis","Yes","2025-10-08T14:17:25.580Z"
"GAP-005","tax_planning","Step‑by‑Step Guide to Filing ITR for High‑Income Professionals 2025","9800","32","High","ETMoney provides generic tax calculator but no detailed filing walkthrough for >30 Lakh income","Downloadable checklist, video walkthrough, integration with PL Capital advisory service","40-55 days","92","how to file itr high income","itr filing guide 2025, tax filing for salaried professionals, high income tax deductions","ymyl","3000","true","Income Tax Act compliance, disclaimer","false","true","Yes","Yes","2025-10-08T14:17:25.580Z"
"GAP-006","stock_market","Understanding Stock Market Volatility: Strategies for Indian Retail Investors","15000","35","Medium","Zerodha focuses on technical tactics, lacks plain‑language volatility management content","Case studies with Indian indices, risk‑adjusted return calculators, expert commentary","50-65 days","88","stock market volatility strategies","how to manage market volatility, volatility index india, risk management for retail investors","ymyl","2800","true","SEBI risk disclosure","false","true","Yes","Yes","2025-10-08T14:17:25.580Z"
"GAP-007","retirement_planning","Retirement Planning for Self‑Employed Professionals in India","7200","30","High","ETMoney and INDmoney have generic retirement pages; no self‑employed focus","Tailored NPS, EPF, and private pension mix calculator; interview with chartered accountant","45-60 days","90","retirement planning self employed india","pension plans for freelancers","ymyl","2500","true","SEBI disclosure","false","true","AI Analysis","Yes","2025-10-08T14:17:25.580Z"
"GAP-008","mutual_funds","Complete Guide to Index Funds vs Mutual Funds 2025","12000","28","High","Groww uses 2023 expense ratios; Zerodha only covers passive investing basics","Include 2025 expense ratio updates, interactive index fund calculator, video side‑by‑side comparison, expert interview","45-60 days","95","index funds vs mutual funds","best index funds 2025, index fund calculator, index fund returns","ymyl","2500","true","SEBI disclosure,Risk warning","false","true","AI Analysis","Yes","2025-10-08T14:20:10.702Z"
"GAP-009","tax_planning","Step‑by‑Step Guide to Filing ITR for Investment Income 2025","9800","32","Medium","ETMoney’s tax guide stops at 2023 forms; PaytmMoney lacks detailed investment income section","Provide updated ITR‑1 & ITR‑2 walkthroughs, downloadable checklist, tax calculator for dividends & capital gains","40-55 days","90","how to file itr for investment income","itr filing guide 2025, investment income tax calculation, dividend tax filing steps","ymyl","3000","true","Income Tax Act compliance, disclaimer","false","true","AI Analysis","Yes","2025-10-08T14:20:10.702Z"
"GAP-010","stock_market","Beginner’s Blueprint to Building a Diversified Equity Portfolio in India","15000","35","High","Zerodha focuses on trading tactics; Groww lacks holistic portfolio construction framework","Introduce sector‑wise allocation matrix, risk tolerance quiz, case studies, and recommended ETFs","50-65 days","92","how to build diversified equity portfolio","equity portfolio allocation India, best Indian ETFs 2025, diversified stock portfolio guide","ymyl","2800","true","SEBI disclaimer, risk warning","false","true","AI Analysis","Yes","2025-10-08T14:20:10.702Z"
"GAP-011","retirement_planning","NPS vs EPF vs Private Pension: Choosing the Right Retirement Mix for 2025","8200","30","Medium","ETMoney’s retirement page is generic; INDmoney lacks comparative analysis of NPS & EPF","Side‑by‑side calculator, tax benefit matrix, expert pension advisor interview","45-60 days","88","nps vs epf vs private pension","best retirement plan India 2025","ymyl","2600","true","SEBI disclaimer, risk warning","false","true","AI Analysis","Yes","2025-10-08T14:20:10.702Z"
"GAP-012","mutual_funds","Complete Guide to Index Funds vs Mutual Funds 2025","12000","28","High","Groww data only up to 2023; Zerodha lacks a dedicated comparison article","Include 2025 expense ratio changes, interactive calculator, video walkthrough, expert quotes","45-60 days","95","index funds vs mutual funds","best index funds 2025, index fund calculator, index fund returns India","ymyl","2500","true","SEBI disclosure,Risk warning","false","true","AI Analysis","Yes","2025-10-08T14:34:46.800Z"
"GAP-013","tax_planning","Step‑by‑Step Guide to Section 80C & 80D Tax Deductions for FY 2025‑26","9800","32","High","ETMoney’s tax guide stops at 2023; PaytmMoney only lists deductions without examples","Up‑to‑date 2025‑26 limits, real‑world case studies, downloadable checklist","40-55 days","92","section 80c tax deduction 2025","section 80d limit 2025, tax saving investments FY 2025, how to claim 80c","ymyl","2200","true","SEBI & RBI compliance, disclaimer","false","true","AI Analysis","Yes","2025-10-08T14:34:46.800Z"
"GAP-014","stock_market","Beginner’s Blueprint: Building a Diversified Equity Portfolio in 2025","15000","35","Medium","Zerodha focuses on trading tactics, not portfolio construction; Groww lacks a structured blueprint","Stepwise allocation model, risk tolerance quiz, sample portfolios with performance back‑test","50-65 days","90","diversified equity portfolio","how to build equity portfolio, stock portfolio allocation 2025, balanced equity portfolio India","ymyl","3000","true","SEBI risk disclosure","false","true","AI Analysis","Yes","2025-10-08T14:34:46.800Z"
"GAP-015","retirement_planning","Retirement Income Planning: NPS vs EPF vs Private Pension Schemes 2025","7200","30","High","ETMoney and INDmoney have only brief tables; no deep comparative analysis","Side‑by‑side cost & benefit matrix, calculator for monthly pension, expert interview with a pension planner","45-60 days","88","nps vs epf retirement","best private pension plan India, retirement income calculator 2025, pension scheme comparison","ymyl","2600","true","SEBI risk disclosure","false","true","AI Analysis","Yes","2025-10-08T14:34:46.800Z"
"GAP-016","mutual_funds","Complete Guide to Index Funds vs Mutual Funds 2025","12000","28","High","Groww uses 2023 expense ratios; Zerodha only covers passive investing basics","Include 2025 expense‑ratio updates, interactive calculator, video explainer, expert quotes","45-60 days","95","index funds vs mutual funds","best index funds 2025, index fund calculator, index fund returns","ymyl","2500","true","SEBI disclosure,Risk warning","false","true","AI Analysis","Yes","2025-10-08T15:04:40.855Z"
"GAP-017","mutual_funds","How to Build a Low‑Cost SIP Portfolio for 2025","9500","24","Medium","ETMoney’s SIP guide lacks cost‑breakdown tables; PaytmMoney’s article is <800 words","Detailed cost matrix, 5‑year performance simulation, downloadable spreadsheet","30-45 days","88","low cost SIP portfolio","best SIP funds 2025, SIP expense ratio, SIP portfolio calculator","ymyl","2200","true","SEBI disclaimer,Risk warning","true","false","AI Analysis","Yes","2025-10-08T15:04:40.855Z"
"GAP-018","mutual_funds","2025 Mutual Fund Expense Ratio Comparison Guide","14000","27","High","Groww lists 2023 ratios only; ETMoney’s table is outdated; INDmoney lacks a dedicated comparison page.","Real‑time API feed of expense ratios, interactive sortable table, downloadable CSV, expert commentary on fee impact.","45-60 days","92","mutual fund expense ratio 2025","mutual fund fees comparison, lowest expense ratio funds India, expense ratio calculator","ymyl","2200","true","SEBI disclosure, risk warning","false","true","AI Analysis","Yes","2025-10-08T21:34:54.893Z"
"GAP-019","index_investing","Index Funds vs ETFs: Which is Better for Indian Investors 2025","12500","30","High","Zerodha focuses on ETFs only; Groww’s index‑fund page lacks ETF comparison; PaytmMoney has no side‑by‑side analysis.","Side‑by‑side performance charts, tax impact matrix, cost‑benefit calculator, video explainer.","50-65 days","90","index funds vs etfs India","best index funds 2025, etf vs index fund tax, index fund vs etf returns","ymyl","2600","true","SEBI disclosure","false","true","AI Analysis","Yes","2025-10-08T21:34:54.893Z"
"GAP-020","systematic_investing","Advanced SIP Strategies for Tax Optimization 2025","9800","24","Medium","ETMoney’s SIP guide is basic; Groww’s SIP calculator lacks tax‑saving scenarios; INDmoney has no tax‑optimization article.","Step‑by‑step tax‑saving SIP plans, scenario modelling, downloadable planner, expert interview with chartered accountant.","35-50 days","88","tax saving sip strategies","sip tax benefits 2025, best sip plans for tax, sip calculator tax","ymyl","2100","true","SEBI & Income Tax Act disclaimer","true","false","AI Analysis","Yes","2025-10-08T21:34:54.893Z"
"GAP-021","robo_advisory","Robo Advisory Landscape in India 2025: Platforms, Fees, Performance","7200","28","High","None of the top 5 have a dedicated, up‑to‑date robo‑advisor comparison; PaytmMoney mentions robo advisory only in passing.","Comprehensive matrix, performance back‑testing, fee breakdown, user‑experience scores, regulatory compliance checklist.","45-60 days","85","robo advisor India 2025","best robo advisor India, robo advisory fees, robo advisor performance","ymyl","2400","true","SEBI registration disclosure","false","true","AI Analysis","Yes","2025-10-08T21:34:54.893Z"
"GAP-022","wealth_apps","Top Wealth Management Apps for HNI in 2025 – Feature & Cost Comparison","8600","26","High","Current apps focus on retail investors; no competitor targets HNI‑specific feature sets (wealth advisory, private‑bank integration).","Matrix covering advisory access, portfolio analytics, concierge services, fee structures, security certifications.","40-55 days","87","wealth management apps for hni","best hni wealth app India, private wealth app features, high net worth investment app","ymyl","2500","true","SEBI & RBI compliance note","false","true","AI Analysis","Yes","2025-10-08T21:34:54.893Z"
"GAP-023","algorithmic_trading","Algorithmic Trading for Retail Investors in India: Tools, Strategies & Regulations 2025","5400","29","Medium","Zerodha’s varsity touches algo trading but lacks retail‑focused step‑by‑step guide; PaytmMoney mentions trader mode but no strategy guide; INDmoney has no algo content.","Beginner‑friendly platform reviews, code snippets in Python, compliance checklist (SEBI), cost analysis.","55-70 days","80","algorithmic trading retail India","algo trading platforms India, retail algo trading strategies, sebi algo trading guidelines","ymyl","3000","true","SEBI algorithmic trading regulations","false","true","AI Analysis","Yes","2025-10-08T21:34:54.893Z"
"GAP-024","digital_gold","Digital Gold vs Physical Gold: Tax Implications, Storage Costs & Returns 2025","10200","25","Medium","ETMoney and PaytmMoney have basic digital‑gold pages but no tax‑impact analysis; Groww’s gold section is minimal.","Side‑by‑side cost calculator, tax treatment table, expert interview with tax consultant, future price outlook.","35-50 days","89","digital gold vs physical gold tax","digital gold returns 2025, gold storage cost India, tax on digital gold","ymyl","2000","true","RBI & Income Tax disclaimer","true","false","AI Analysis","Yes","2025-10-08T21:34:54.893Z"
"GAP-025","fractional_investing","Building a Diversified Portfolio with Fractional Shares in India – 2025 Guide","7700","22","Medium","Only INDmoney mentions fractional shares in passing; none provide a step‑by‑step portfolio construction guide.","Interactive portfolio builder, list of brokers offering fractional shares, risk‑adjusted return simulation.","30-45 days","84","fractional shares investing India","fractional stock investing guide, best platform for fractional shares, fractional investing portfolio","ymyl","2100","true","SEBI disclosure on fractional holdings","true","false","AI Analysis","Yes","2025-10-08T21:34:54.893Z"
"GAP-026","fintech_regulation","SEBI & RBI New Guidelines 2025: Impact on WealthTech Startups & Investors","6300","31","Low","Regulatory content is scattered and outdated across all competitors; no consolidated 2025 update.","Full breakdown of each new rule, compliance checklist for startups, investor risk‑mitigation tips, downloadable PDF.","45-60 days","78","sebi rbi guidelines 2025 wealthtech","wealthtech regulation India 2025, sebi fintech compliance, rbi digital payments guidelines","ymyl","2800","true","Full legal disclaimer, citation of SEBI & RBI circulars","false","true","AI Analysis","Yes","2025-10-08T21:34:54.893Z"
"GAP-027","index_investing","2025 Guide to Low‑Cost Index Investing for Indian Beginners","9500","26","High","Zerodha focuses on trading; Groww’s index fund pages lack cost‑analysis; Paytm Money has no dedicated guide","Live cost‑comparison table, tax impact calculator, downloadable PDF checklist","N/A","90","low-cost index investing","cost-comparison, tax impact","ymyl","2200","true","SEBI risk‑disclosure, mention of index tracking error limits","false","true","AI Analysis","Yes","2025-10-09T18:39:01.250Z"
"GAP-028","systematic_investing","SIP Optimization Strategies: How to Maximise Returns in 2025","8800","24","Medium","ETMoney and Groww provide basic SIP calculators but no strategy guide; INDmoney lacks any SIP‑optimisation content","Step‑by‑step framework, scenario modelling tool, case studies for different risk profiles","N/A","88","SIP optimization","strategy guide, scenario modelling","ymyl","2100","true","SEBI guidelines on SIP disclosures, AML/KYC reminder","false","true","AI Analysis","Yes","2025-10-09T18:39:01.250Z"
"GAP-029","robo_advisory","Robo Advisory Comparison: Best AI‑Driven Portfolio Builders in India 2025","7200","27","Medium","None of the five competitors host a side‑by‑side comparison; only Paytm Money mentions a robo feature in passing","Feature matrix, fee breakdown, performance back‑test, user interview videos","N/A","85","robo advisory comparison","AI-driven portfolio, feature matrix","ymyl","2400","true","RBI/SEBI advisory on robo‑advisors, disclaimer on algorithmic risk","false","true","AI Analysis","Yes","2025-10-09T18:39:01.250Z"
"GAP-030","wealth_apps","2025 Side‑by‑Side Review of Top Indian Wealth Apps","10500","30","High","Each competitor markets its own app; no independent comparative review exists","Objective scoring rubric, UI screenshots, fee comparison, user‑experience survey data","N/A","92","wealth apps review","UI screenshots, fee comparison","ymyl","3000","false","Disclosure of affiliate links, SEBI advertising norms","false","true","AI Analysis","Yes","2025-10-09T18:39:01.250Z"
"GAP-031","digital_gold","Digital Gold vs Physical Gold: Tax Implications & Returns in 2025","6800","22","Medium","Paytm Money and INDmoney list digital gold but no tax‑impact analysis; Groww lacks any gold content","Tax calculator, historical return charts, storage‑cost comparison, expert commentary","N/A","80","digital gold vs physical gold","tax implications, returns","ymyl","1900","true","RBI guidelines on digital gold, SEBI KYC for gold‑linked MF","false","true","AI Analysis","Yes","2025-10-09T18:39:01.250Z"
"GAP-032","fractional_investing","How to Invest in Fractional Shares of US Stocks from India (2025)","5400","28","Medium","Only INDmoney mentions fractional shares in passing; no step‑by‑step guide on compliance","Detailed walkthrough, RBI foreign‑exchange compliance checklist, broker comparison table","N/A","78","fractional shares investment","compliance checklist, broker comparison","ymyl","2000","true","RBI LRS limits, FEMA regulations, SEBI foreign‑investment guidelines","false","true","AI Analysis","Yes","2025-10-09T18:39:01.250Z"
"GAP-033","fintech_regulation","SEBI & RBI Regulatory Changes Impacting WealthTech Platforms (2024‑2025)","4300","31","Low","None of the competitors maintain a regularly updated regulatory blog; information is scattered across newsrooms","Monthly update calendar, expert legal commentary, downloadable compliance checklist","N/A","75","fintech regulation changes","SEBI, RBI, compliance checklist","informational","2500","true","Full citation of SEBI circulars, RBI notifications, disclaimer on legal advice","false","true","AI Analysis","Yes","2025-10-09T18:39:01.250Z"
"GAP-034","alternative_investments","Alternative Investments for Indian Retail Investors: REITs, P2P, Crypto (2025)","6100","29","Medium","Only ETMoney touches REITs; crypto coverage is minimal across all; no holistic guide","Risk‑reward matrix, platform comparison, tax treatment table, case studies","N/A","82","alternative investments","REITs, P2P, crypto","ymyl","2600","true","SEBI REIT guidelines, RBI stance on crypto, P2P lending regulations","false","true","AI Analysis","Yes","2025-10-09T18:39:01.250Z"
"GAP-035","retirement_planning","Retirement Planning Roadmap for Indian Professionals (2025 Edition)","9700","25","High","ETMoney and INDmoney have NPS pages but no end‑to‑end roadmap; Groww and Paytm Money lack retirement‑specific content","Interactive retirement calculator, asset‑allocation timeline, tax‑saving strategies, video interview with pension expert","N/A","94","retirement planning roadmap","NPS, asset allocation","ymyl","2800","true","SEBI NPS guidelines, RBI pension fund rules, mandatory risk disclosures","false","true","AI Analysis","Yes","2025-10-09T18:39:01.250Z"
"GAP-036","systematic_investing","Systematic Investment Planning for Tax‑Saving in 2025: SIP vs Lumpsum vs SWP","9500","32","High","ETMoney focuses on SIP vs Lumpsum but lacks SWP comparison; Paytm Money has no tax‑saving calculator","Dynamic calculator that shows post‑tax returns for all three methods, downloadable PDF, case studies","40-55 days","90","systematic investment planning tax saving","SIP vs lumpsum tax impact, SWP calculator, best tax saver funds 2025","ymyl","2200","true","SEBI, Income Tax Act disclosures","","1","AI Analysis","Yes","2025-10-12T15:42:17.341Z"
"GAP-037","robo_advisory","Robo‑Advisory in India 2025: How AI‑Driven Portfolios Beat Traditional Advisors","8200","35","Medium","None of the five provide a deep, data‑driven comparison of robo‑advisors; most only mention as a feature","Benchmarking table of top 5 robo platforms, risk‑adjusted performance charts, interview with AI‑finance expert","50-65 days","85","robo advisory india","best robo advisor 2025, AI portfolio management, robo advisor vs human advisor","ymyl","2800","true","SEBI advisory guidelines","","1","AI Analysis","Yes","2025-10-12T15:42:17.341Z"
"GAP-038","fractional_investing","Fractional Shares in India: How to Build a Diversified Portfolio with ₹500","6800","30","High","Only Groww mentions fractional shares; no step‑by‑step guide or cost analysis","Portfolio builder tool, case study of ₹500 portfolio, fee breakdown, regulatory note on SEBI’s fractional share policy","40-55 days","87","fractional shares india","fractional investing guide, best platform for fractional shares, fractional stock portfolio example","ymyl","2400","true","SEBI fractional share guidelines","","1","AI Analysis","Yes","2025-10-12T15:42:17.341Z"
"GAP-039","fintech_regulation","2025 SEBI & RBI Regulatory Changes Impacting WealthTech Startups","5400","38","Low","Regulatory content is scattered and outdated across all competitors","Comprehensive, up‑to‑date matrix, downloadable compliance checklist, expert interview with a regulator","55-70 days","80","wealthtech regulatory changes 2025","SEBI guidelines for robo advisors, RBI digital gold regulations, FinTech compliance checklist india","ymyl","3000","true","SEBI, RBI","","1","AI Analysis","Yes","2025-10-12T15:42:17.341Z"
"GAP-040","alternative_investments","Alternative Investments for Indian Retail Investors: REITs, P2P Lending, and Crypto in 2025","6100","34","Medium","Only INDmoney mentions REITs; none provide risk‑adjusted performance tables or tax guidance","Side‑by‑side risk/return matrix, tax implications per asset class, platform comparison chart","45-60 days","84","alternative investments india","best REITs india 2025, p2p lending platforms india, crypto investment regulations india","ymyl","2600","true","SEBI, RBI, PMLA","","1","AI Analysis","Yes","2025-10-12T15:42:17.341Z"
"GAP-041","retirement_planning","Retirement Planning Blueprint 2025: NPS, EPF, and Private Pension Strategies","9700","31","High","ETMoney covers NPS but lacks integrated private pension comparison; others have no holistic retirement roadmap","Interactive retirement calculator, scenario analysis (inflation, life expectancy), expert video series","40-55 days","92","retirement planning india 2025","best NPS schemes 2025, private pension funds india, retirement corpus calculator","ymyl","2800","true","SEBI, PFRDA (NPS), Income Tax Act","","1","AI Analysis","Yes","2025-10-12T15:42:17.341Z"
"GAP-042","tax_planning","Tax‑Saving Investment Strategies for FY 2025‑26: Beyond Section 80C","11200","29","High","ETMoney has basic 80C guide; none cover newer provisions like ELSS post‑2024, NPS tier‑II, and digital gold tax treatment","Comprehensive table of all tax‑saving instruments, calculator for total tax saved, expert commentary on upcoming budget changes","35-50 days","96","tax saving investments 2025","best ELSS funds 2025, NPS tax benefits, digital gold tax 2025","ymyl","2400","true","Income Tax Act, SEBI disclosures","","1","AI Analysis","Yes","2025-10-12T15:42:17.341Z"
"GAP-043","hni_uhni_advisory","Private Wealth Management for HNI & UHNI in India: Services, Fees, and Regulatory Landscape 2025","4200","42","Low","No competitor provides a dedicated guide; all focus on retail investors","In‑depth interview with a top private banker, fee‑structure comparison, compliance checklist for high‑net‑worth clients","60-75 days","78","private wealth management india","hni wealth advisory fees, uhni investment strategies, wealth management regulations sebi","ymyl","3200","true","SEBI, RBI KYC norms","","1","AI Analysis","Yes","2025-10-12T15:42:17.341Z"
"GAP-044","index_investing","2025 Indian Index Investing Playbook – ETFs, Index Funds & Tax Benefits","9500","32","Medium","ETMoney and PaytmMoney have fragmented ETF pages; no single comprehensive playbook","Full lifecycle guide, tax‑saving analysis, downloadable PDF, expert interview with SEBI‑registered analyst","50-65 days","88","index investing India 2025","best index ETFs India, index fund tax benefits, how to invest in Nifty index","ymyl","3000","true","SEBI ETF disclosure, RBI investment limits","false","true","AI Analysis","Yes","2025-10-12T15:47:22.279Z"
"GAP-045","systematic_investing","Systematic Investment Plans (SIP) vs Lumpsum: 2025 Data‑Driven Comparison","8200","26","High","Groww and ETMoney present generic tables; lack of real‑time scenario modelling","Dynamic scenario simulator (market up/down 10‑20%), ROI calculator, case studies for different income brackets","40-55 days","92","SIP vs lump sum 2025","SIP calculator 2025, lumpsum investment returns, best SIP plans 2025","ymyl","2200","true","SEBI mutual fund advertising, risk disclaimer","false","true","AI Analysis","Yes","2025-10-12T15:47:22.279Z"
"GAP-046","wealth_apps","Feature‑by‑Feature Comparison of Top Indian Wealth Apps 2025","10500","30","High","Each competitor only promotes its own app; no unbiased side‑by‑side matrix","Interactive comparison table (fees, product range, security, UI), user‑review aggregation, downloadable PDF for investors","45-60 days","90","best wealth app India 2025","wealth app comparison chart, groww vs zerodha vs paytm money, indmoney app review","ymyl","3200","false","SEBI advertising standards, RBI data‑security disclaimer","false","true","AI Analysis","Yes","2025-10-12T15:47:22.279Z"
"GAP-047","algorithmic_trading","Beginner’s Guide to Algorithmic Trading in India – Tools, Strategies & Compliance 2025","5400","38","Medium","Zerodha’s Varsity touches basics only; PaytmMoney’s promo page lacks code examples; no compliance checklist","Python & Pine‑Script snippets, broker API integration steps, SEBI algorithmic trading regulations checklist","60-75 days","78","algorithmic trading India","algo trading platforms India, SEBI algo trading rules, how to code trading bot","ymyl","3500","true","SEBI algorithmic trading framework, RBI IT security standards","false","true","AI Analysis","Yes","2025-10-12T15:47:22.279Z"
"GAP-048","digital_gold","Digital Gold in India 2025 – Pricing, Storage, Tax & Best Platforms","7700","27","High","Groww and PaytmMoney list digital gold but no tax implications or storage security analysis","Tax treatment table (GST, capital gains), security audit of custodians, side‑by‑side platform rating, video walkthrough","40-55 days","87","digital gold India 2025","best digital gold platform, digital gold tax India, gold ETF vs digital gold","ymyl","2600","false","RBI gold‑bond guidelines, GST compliance","false","true","AI Analysis","Yes","2025-10-12T15:47:22.279Z"
"GAP-049","fractional_investing","How Fractional Investing Works in India – Stocks, ETFs & Mutual Funds Explained","6100","31","Medium","Only INDmoney mentions fractional shares; no detailed guide or risk analysis","Step‑by‑step tutorial, broker comparison, risk & liquidity chart, FAQs, expert commentary","45-60 days","84","fractional investing India","fractional shares platforms, buy fractional stocks India, fractional ETF investing","ymyl","2400","false","SEBI fractional share guidelines, RBI KYC","false","true","AI Analysis","Yes","2025-10-12T15:47:22.279Z"
"GAP-050","fintech_regulation","2025 FinTech Regulatory Landscape in India – SEBI, RBI & Upcoming Changes","4800","42","Low","All competitors have only brief compliance footers; no dedicated regulatory hub","Comprehensive matrix of regulations, timeline of upcoming rules, expert legal interview, downloadable compliance checklist","65-80 days","73","FinTech regulation India 2025","SEBI fintech guidelines, RBI digital payments regulations, upcoming fintech laws India","ymyl","3800","true","Legal review, citation of SEBI & RBI circulars","false","true","AI Analysis","Yes","2025-10-12T15:47:22.279Z"
"GAP-051","index_investing","How to Build a Low‑Cost Index Portfolio for Indian Investors","9500","32","Medium","Zerodha focuses on trading, Groww lacks step‑by‑step portfolio construction guide","Portfolio builder tool, tax‑efficiency analysis, downloadable Excel template","50-65 days","88","low cost index portfolio","best index funds India 2025, index fund portfolio allocation, how to invest in Nifty index","guide","2200","true","SEBI risk disclaimer","","1","AI Analysis","Yes","2025-10-12T16:06:19.010Z"
"GAP-052","systematic_investing","Systematic Investment Plan (SIP) vs Lumpsum: 2025 Data‑Driven Comparison","11000","27","High","ETMoney article outdated (2022); Groww only has calculator, no comparative analysis","Live market data integration, scenario modelling, AI‑driven recommendation engine","40-55 days","92","SIP vs lumpsum 2025","SIP calculator 2025, lumpsum investment benefits, systematic investing returns","ymyl","2400","true","SEBI investment advisory disclaimer","","1","AI Analysis","Yes","2025-10-12T16:06:19.010Z"
"GAP-053","wealth_apps","Feature‑by‑Feature Comparison of Top Indian Wealth Apps (2025)","8800","25","Medium","Each competitor promotes its own app; no neutral side‑by‑side matrix exists","Interactive filterable table, user‑review aggregation, security & compliance scores","35-50 days","90","wealth app comparison India","best wealth app 2025, wealth app features comparison, wealth app security India","interactive guide","2600","false","RBI data‑privacy disclaimer","","1","AI Analysis","Yes","2025-10-12T16:06:19.010Z"
"GAP-054","fintech_regulation","2025 SEBI & RBI Regulatory Landscape for Indian FinTech Startups","5200","38","Low","None of the five provide a consolidated, up‑to‑date regulatory handbook","Downloadable PDF, expert commentary, compliance checklist for wealth‑tech products","60-75 days","80","SEBI RBI fintech regulations 2025","fintech compliance India, wealth tech regulatory guide, SEBI guidelines for robo advisors","whitepaper","3500","true","Full citation of SEBI & RBI circulars","","1","AI Analysis","Yes","2025-10-12T16:06:19.010Z"
"GAP-055","index_investing","Index Investing in India: A Beginner's Guide","8000","22","Medium","ETMoney's index‑fund section is outdated; Groww lacks a dedicated guide","Step‑by‑step onboarding flow, live index‑tracker widget, tax‑efficiency analysis","30-45 days","88","index investing guide","how to invest in index funds india, best index funds 2025, index fund SIP","ymyl","2000","true","SEBI disclosure,Risk warning","true","false","AI Analysis","Yes","2025-10-12T16:31:32.043Z"
"GAP-056","systematic_investing","SIP vs Lumpsum: Which is Better for Investing?","10000","25","High","Paytm Money only has a brief FAQ; Groww's SIP page lacks comparative analysis","Dynamic calculator showing scenario analysis, case studies, expert commentary","35-50 days","90","sip vs lumpsum","sip vs lump sum calculator, best investment strategy india, sip benefits","ymyl","2200","true","SEBI disclosure,Risk warning","true","false","AI Analysis","Yes","2025-10-12T16:31:32.043Z"
"GAP-057","wealth_apps","Best Wealth Management Apps in India","12000","28","High","Groww lacks a comparative roundup; ETMoney’s app review is 2022‑focused","2025 feature matrix, user‑experience scores, security audit summary, CTA to PL Capital demo","45-60 days","93","best wealth management apps india","wealth app comparison, top finance apps 2025, investment app reviews","ymyl","2600","false","SEBI disclosure,Risk warning","false","true","AI Analysis","Yes","2025-10-12T16:31:32.043Z"
"GAP-058","digital_gold","Digital Gold Investment in India: A Guide","6000","22","Medium","ETMoney and Paytm Money have only brief mentions; no in‑depth tax or storage‑risk analysis","Comparison of major providers, tax implications, liquidity analysis, security audit, integration with PL Capital gold‑SIP","30-45 days","80","digital gold india","buy digital gold online, digital gold vs physical gold, best digital gold platform","ymyl","1900","false","RBI compliance,Risk warning","true","false","AI Analysis","Yes","2025-10-12T16:31:32.043Z"
"GAP-059","index_investing","How to Build a Low-Cost Nifty 50 Index Portfolio in 2025","9500","32","Medium","ET Money’s index guide lacks step‑by‑step portfolio construction and tax impact analysis","Provide a downloadable portfolio builder, tax calculator, and case studies of 5‑year returns","40-55 days","88","nifty 50 index portfolio","[""low cost index investing"",""nifty index fund list"",""best index funds for beginners""]","ymyl","2200","true","SEBI disclaimer","false","true","AI Analysis","Yes","2025-10-12T17:55:46.715Z"
"GAP-060","robo_advisory","Robo‑Advisors vs Human Advisors: Cost, Performance & Compliance in India","8200","30","Medium","INDmoney mentions robo‑advisors only in passing; no head‑to‑head analysis","Side‑by‑side cost matrix, performance back‑test, and regulatory checklist for RBI/SEBI","45-60 days","85","robo advisor vs human advisor","[""best robo advisor india"",""robo advisor fees"",""robo advisory regulation""]","ymyl","2400","true","RBI/SEBI compliance note","false","true","AI Analysis","Yes","2025-10-12T17:55:46.715Z"
"GAP-061","fintech_regulation","2025 SEBI & RBI Regulatory Updates Impacting WealthTech Platforms","6800","31","Low","ET Money’s regulatory page is static and not updated for 2025 amendments","Live regulatory tracker, expert commentary, and compliance checklist for platform owners","50-65 days","80","sebi fintech regulations 2025","[""rbi wealthtech guidelines"",""wealthtech compliance checklist"",""sebi new rules for robo advisors""]","ymyl","3000","true","SEBI & RBI citation","false","true","AI Analysis","Yes","2025-10-12T17:55:46.715Z"
"GAP-062","tax_planning","Tax‑Saving Strategies for High‑Net‑Worth Individuals in 2025","10800","34","High","ET Money’s tax‑saving guide targets mass market; lacks HNI‑specific instruments like ELSS, REITs, and structured products","HNI‑focused tax matrix, case studies, and integration with wealth‑app dashboard","50-65 days","91","tax saving strategies hni india","[""hni tax planning 2025"",""tax efficient investments india"",""structured products tax benefits""]","ymyl","2600","true","SEBI & Income Tax Act compliance note","false","true","AI Analysis","Yes","2025-10-12T17:55:46.715Z"
"GAP-063","digital_gold","Tax Implications of Digital Gold Investments in India (2025 Update)","6800","27","Medium","Groww and INDmoney mention digital gold but lack tax‑impact article; PaytmMoney no tax guide","Comprehensive tax calculator, capital‑gain scenarios, RBI‑SEBI compliance notes","35-50 days","85","digital gold tax india","digital gold capital gains,how is digital gold taxed,india gold ETF tax","ymyl","2000","true","RBI guidelines,Income Tax Act references","true","false","AI Analysis","Yes","2025-10-12T18:16:49.477Z"
"GAP-064","alternative_investments","Investing in Real Estate Crowdfunding Platforms in India – Risks & Returns 2025","4300","33","Medium","None of the five provide a dedicated article on real‑estate crowdfunding","Platform comparison, projected IRR tables, legal framework overview","45-60 days","84","real estate crowdfunding india","crowdfunding property investment,real estate crowdfund returns,india proptech platforms","ymyl","2600","true","SEBI alternative investment fund (AIF) guidelines","false","true","AI Analysis","Yes","2025-10-12T18:16:49.477Z"
"GAP-065","structured_products","Structured Products for Indian Retail Investors – A 2025 Primer","3900","36","High","Only INDmoney mentions structured products in passing; no comprehensive guide","Types, payoff diagrams, tax treatment, suitability matrix","50-65 days","86","structured products india","retail structured products,structured notes india,how structured products work","ymyl","2800","true","SEBI structured product regulations","false","true","AI Analysis","Yes","2025-10-12T18:16:49.477Z"
"GAP-066","tax_planning","Maximizing Tax Savings with ELSS, NPS & Insurance – 2025 Strategies","11500","29","High","ETMoney covers tax saving but lacks integrated comparison of ELSS, NPS, and insurance","Side‑by‑side calculator, scenario analysis, compliance checklist","30-45 days","94","tax saving strategies india 2025","best elss funds 2025,how to invest in nps,insurance tax benefits india","ymyl","2600","true","Income Tax Act references, SEBI ELSS guidelines","true","true","AI Analysis","Yes","2025-10-12T18:16:49.477Z"
"GAP-067","fintech_regulation","2025 SEBI & RBI Regulations Impacting WealthTech Startups","5400","35","Low","Only ETMoney has a brief 2022 update; others lack a consolidated regulatory hub","Monthly updated regulatory tracker, downloadable compliance checklist, expert commentary","60-75 days","80","wealthtech regulations india 2025","[""sebi fintech guidelines 2025"",""rbi digital banking regulations"",""wealthtech compliance checklist""]","informational","3500","1","None (informational)","","1","AI Analysis","Yes","2025-10-12T18:17:20.881Z"
"GAP-068","retirement_planning","Retirement Planning Blueprint: How to Build a ₹5 Crore Corpus by 2045","10200","31","High","ETMoney’s retirement tool is outdated; Groww lacks a holistic retirement roadmap","Interactive retirement calculator, scenario analysis (inflation, market volatility), expert video series","40-55 days","96","retirement planning india","[""how to build retirement corpus"",""retirement calculator 2025"",""best retirement funds india""]","ymyl","3200","1","SEBI risk disclaimer, RBI pension guidelines","","1","AI Analysis","Yes","2025-10-12T18:17:20.881Z"
"GAP-069","tax_planning","Tax‑Saving Strategies for Salaried Professionals in FY 2025‑26","13800","26","High","ETMoney’s tax guide is 2023; Groww and Paytm Money have only brief blog posts","Up‑to‑date section on new tax slabs, ELSS vs NPS comparison tool, downloadable checklist","30-45 days","97","tax saving strategies 2025","[""best tax saver funds 2025"",""nps tax benefits 2025"",""salary tax planning tips""]","ymyl","2100","1","Income Tax Act compliance, SEBI disclaimer for investment advice","1","","AI Analysis","Yes","2025-10-12T18:17:20.881Z"
"GAP-070","systematic_investing","SIP vs Lumpsum: 2025 Calculator & Decision Tree","8000","26","High","Groww’s SIP calculator lacks lumpsum comparison; INDmoney’s tool is UI‑heavy","Dual‑mode calculator, scenario analysis, embedded CTA to open SIP in PL Capital app","35-50 days","92","sip vs lumpsum calculator","sip vs lumpsum 2025,systematic investing calculator,when to choose sip","ymyl","1800","false","SEBI disclosure,Risk warning","true","false","AI Analysis","Yes","2025-10-12T18:22:01.579Z"
"GAP-071","wealth_apps","Top 10 Wealth Management Apps for Tier‑2 Cities in 2025","7200","24","High","Most competitors focus on metro users; content for Tier‑2 is sparse","Localized UI screenshots, offline mode features, regional language support, compliance notes","30-45 days","90","wealth apps for tier 2 cities","best wealth app india,wealth management app tier 2,regional wealth app","listicle","2000","false","None","true","false","AI Analysis","Yes","2025-10-12T18:22:01.579Z"
"GAP-072","algorithmic_trading","Algorithmic Trading for Retail Investors: Strategies, Platforms & Legal Checklist 2025","5400","35","Medium","Zerodha’s Varsity covers basics only; Paytm Money lacks legal compliance guide","Step‑by‑step code snippets, platform comparison, SEBI algorithmic trading regulations","55-70 days","78","algorithmic trading for retail investors","retail algo trading india,algo trading platforms india,algo trading regulations sebi","guide","2600","true","SEBI algo trading guidelines,Risk warning","false","true","AI Analysis","Yes","2025-10-12T18:22:01.579Z"
"GAP-073","fractional_investing","Investing in Fractional Shares: How It Works, Best Platforms & Risks 2025","4700","22","Medium","Only INDmoney mentions fractional shares briefly; no deep guide","Platform matrix, cost‑benefit analysis, SEBI fractional share policy overview","35-50 days","84","fractional shares investing","best platform for fractional shares,how to buy fractional stocks india,fractional investing risks","guide","2100","false","SEBI fractional share rules,Risk warning","true","false","AI Analysis","Yes","2025-10-12T18:22:01.579Z"
"GAP-074","fintech_regulation","SEBI & RBI Regulations Shaping WealthTech in India 2025","5300","38","Low","Regulatory content is scattered across blogs; no consolidated, up‑to‑date resource","Chronological timeline, compliance checklist for startups, expert commentary","60-75 days","80","wealthtech regulations india","sebi guidelines wealthtech,rbi fintech regulations india,wealthtech compliance checklist","reference guide","3000","true","SEBI,RBI citations required","false","true","AI Analysis","Yes","2025-10-12T18:22:01.579Z"
"GAP-075","index_investing","How to Build a Low‑Cost Index Portfolio for Indian Investors","9500","32","Medium","Zerodha only covers theory; Groww lacks step‑by‑step portfolio construction; INDmoney no dedicated guide for Indian index ETFs","Step‑by‑step portfolio builder, tax‑efficient allocation, downloadable Excel model","50-65 days","88","how to build index portfolio","low cost index investing india,best index ETFs india,index portfolio allocation","ymyl","2200","true","SEBI disclaimer","false","true","AI Analysis","Yes","2025-10-12T18:23:32.044Z"
"GAP-076","wealth_apps","Feature‑by‑Feature Comparison of Top Indian Wealth Apps (2025)","10500","30","High","Each competitor promotes its own app; no neutral comparison exists; data tables are outdated","Interactive matrix, real‑time fee updates, user‑review aggregation, SEO‑optimized tables","45-60 days","90","best wealth app india","wealth app comparison 2025,top wealth management apps india,wealth app fees india","ymyl","2600","false","SEBI disclaimer for investment advice","false","true","AI Analysis","Yes","2025-10-12T18:23:32.044Z"
"GAP-077","retirement_planning","Retirement Planning for Indian Professionals: NPS, EPF, and Private Pensions 2025","11200","29","High","ETMoney covers NPS but not integrated with private pension options; Groww and Paytm Money lack a holistic retirement roadmap","Interactive retirement calculator, side‑by‑side comparison of NPS vs","","","","","","0","false","","false","false","AI Analysis","Yes","2025-10-12T18:23:32.044Z"
"GAP-078","fintech_regulation","SEBI & RBI 2025 Regulatory Updates Impacting WealthTech Platforms","5400","30","Low","Only INDmoney has a generic compliance page; none provide a regularly updated regulatory blog.","Monthly regulatory digest, downloadable PDF, expert legal commentary, SEO‑optimized for compliance queries.","45-60 days","80","sebi regulations 2025 wealthtech","rbi fintech guidelines 2025, wealthtech compliance india, investment platform regulatory changes","ymyl","2800","1","Full SEBI & RBI citation, disclaimer","","1","AI Analysis","Yes","2025-10-13T04:32:44.388Z"
"GAP-079","tax_planning","Tax‑Saving Strategies for High‑Income Earners in 2025","10200","31","High","ETMoney covers basics; none provide a high‑income, HNI‑focused tax roadmap.","Customizable tax‑saving calculator, scenario analysis, expert tax‑lawyer interview, SEBI‑compliant disclosures.","45-60 days","92","tax saving strategies high income india","tax planning for HNI, best tax saver investments 2025, sebi tax compliance wealthtech","ymyl","3200","1","Income Tax Act references, SEBI disclaimer","","1","AI Analysis","Yes","2025-10-13T04:32:44.388Z"
"GAP-080","nri_wealth","NRI Wealth Management: Investing in Indian Mutual Funds & US Stocks in 2025","6100","33","High","Only INDmoney mentions NRI; no end‑to‑end guide covering tax, repatriation, and platform comparison.","Step‑by‑step onboarding flow, tax treaty table, platform comparison chart, compliance disclaimer.","50-65 days","86","nri wealth management india","nri mutual fund investment, nri invest in us stocks, nri tax implications investing india","ymyl","3000","1","RBI FEMA rules, SEBI NRI investment regulations","","1","AI Analysis","Yes","2025-10-13T04:32:44.388Z"
"GAP-081","robo_advisory","Robo‑Advisory vs Human Advisory: Cost, Performance & Suitability in India","8000","26","Medium","INDmoney mentions robo‑advisors superficially; no side‑by‑side performance data.","Data‑driven performance charts, cost breakdown, and a decision‑tree tool for user profiling.","35-50 days","85","robo advisory vs human advisor","robo advisor cost india,robo advisory performance,robo advisor suitability","ymyl","2000","true","SEBI advisory regulations,Risk warning","false","true","AI Analysis","Yes","2025-10-13T07:47:28.177Z"
"GAP-082","digital_gold","Digital Gold Buying Guide 2025: Platforms, Fees, Storage & Tax Implications","11000","30","High","Paytm Money’s gold page lacks fee comparison and tax guidance; Groww’s gold section is limited to its own ETF.","Comprehensive matrix of all Indian digital gold providers, live fee calculator, and tax FAQ.","45-60 days","88","digital gold buying guide","best digital gold platform india, digital gold fees, digital gold tax india","ymyl","2400","false","RBI guidelines,SEBI gold ETF disclaimer","false","true","AI Analysis","Yes","2025-10-13T07:47:28.177Z"
"GAP-083","fractional_investing","How to Build a Fractional Stock Portfolio in India (2025 Update)","9000","27","Medium","Zerodha’s Varsity does not cover fractional shares; ETMoney mentions it only in passing.","Step‑by‑step guide, platform comparison table, and a downloadable portfolio template.","30-45 days","82","fractional stock investing india","fractional shares platforms india,fractional investing guide,fractional stock portfolio","ymyl","1800","false","SEBI fractional share policy,Risk disclaimer","false","true","AI Analysis","Yes","2025-10-13T07:47:28.177Z"
"GAP-084","fintech_regulation","2025 SEBI & RBI Regulatory Changes Impacting WealthTech Apps","7000","22","Low","Most competitors have static compliance pages; none provide a forward‑looking analysis.","Monthly update calendar, expert legal commentary, and a compliance checklist for users.","40-55 days","80","SEBI regulatory changes 2025 wealthtech","RBI fintech guidelines 2025,wealthtech compliance india,SEBI updates wealth apps","ymyl","2600","true","SEBI,RBI compliance disclaimer","false","true","AI Analysis","Yes","2025-10-13T07:47:28.177Z"
"GAP-085","stock_market","2025 Indian Stock Market Outlook: Sector Trends, Valuation Metrics & Forecasts","17000","38","Medium","Zerodha Varsity provides theory but no forward‑looking market outlook; Groww’s blog is product‑centric.","Quarterly outlook report, sector‑wise valuation tables, expert video analysis, and downloadable PDF.","50-65 days","94","Indian stock market outlook 2025","2025 sector trends india,stock market forecast india 2025,valuation metrics indian stocks","ymyl","3200","true","SEBI disclaimer,Risk warning","false","true","AI Analysis","Yes","2025-10-13T07:47:28.177Z"
"GAP-086","fintech_regulation","SEBI & RBI Regulatory Changes Impacting WealthTech Platforms in 2025","5400","35","Low","All five competitors have only generic compliance footers; no dedicated analysis page","Comprehensive table of new circulars, impact analysis for investors, downloadable compliance checklist","45-60 days","85","wealthtech regulation 2025","SEBI fintech guidelines,RBI digital payments regulations,investment platform compliance india","ymyl","2600","1","Full citation of SEBI & RBI circulars","","1","AI Analysis","Yes","2025-10-13T07:58:41.448Z"
"GAP-087","systematic_investing","Step‑by‑Step SIP Planner for Tax‑Saving ELSS in 2025","9500","24","High","ETMoney’s ELSS page lacks a full‑year planner; PaytmMoney only offers a basic calculator","Dynamic 12‑month SIP schedule, tax impact simulation, downloadable Excel template","30-45 days","90","ELSS SIP planner","tax saving mutual funds, best ELSS funds 2025, SIP calculator tax saver","ymyl","1800","1","SEBI disclosure,Risk warning","1","","AI Analysis","Yes","2025-10-13T08:12:06.204Z"
"GAP-088","robo_advisory","How Robo‑Advisors Are Regulated in India: SEBI Guidelines 2024‑2025","4200","32","Medium","INDmoney mentions robo advisory but no regulatory deep‑dive; Zerodha has none","Authoritative breakdown of SEBI circulars, compliance checklist, expert commentary","45-60 days","85","robo advisory regulations india","SEBI robo advisor guidelines, digital wealth management compliance","ymyl","2200","1","SEBI compliance disclaimer","","1","AI Analysis","Yes","2025-10-13T08:12:06.204Z"
"GAP-089","fintech_regulation","Upcoming RBI & SEBI Changes Impacting WealthTech Apps in 2025","3400","35","Low","None of the top five maintain a regularly updated regulatory blog","Monthly update calendar, expert legal commentary, downloadable compliance checklist","50-65 days","78","wealthtech regulation india 2025","RBI fintech guidelines 2025, SEBI wealth management rules","ymyl","2600","1","Legal disclaimer, citation of RBI/SEBI circulars","","1","AI Analysis","Yes","2025-10-13T08:12:06.204Z"
"GAP-090","alternative_investments","How to Allocate to Real Estate REITs & Private Debt in an Indian Portfolio","5200","31","Medium","INDmoney touches alternatives but no structured guide; ETMoney lacks REIT coverage","Allocation model, risk‑return charts, list of top Indian REITs & private debt funds","45-60 days","84","indian REIT investment guide","private debt funds india, alternative assets portfolio india","ymyl","2400","1","SEBI disclosure","","1","AI Analysis","Yes","2025-10-13T08:12:06.204Z"
"GAP-091","retirement_planning","Optimising NPS & EPF for Maximum Retirement Corpus in 2025","8800","27","High","ETMoney has calculators but no holistic strategy combining NPS, EPF, and voluntary contributions","Integrated calculator, tax impact analysis, video interview with pension expert","30-45 days","92","NPS vs EPF retirement planning","best NPS scheme 2025, retirement corpus calculator india","ymyl","2300","1","SEBI & Ministry of Finance disclaimer","1","","AI Analysis","Yes","2025-10-13T08:12:06.204Z"
"GAP-092","tax_planning","Tax‑Saving Strategies for HNI Investors: Beyond ELSS & 80C","4700","33","High","Only INDmoney mentions HNI tax tips in passing; no deep dive on capital gains planning","Case studies, expert tax lawyer quotes, downloadable tax‑saving checklist for HNI","50-70 days","80","tax saving strategies for HNI","capital gains tax planning india, 80D limit for high income","ymyl","2600","1","Income Tax Act disclaimer","","1","AI Analysis","Yes","2025-10-13T08:12:06.204Z"
"GAP-093","personal_finance","Zero‑Based Budgeting for Indian Millennials: Templates & Apps 2025","10200","22","Medium","None of the top five provide a dedicated budgeting guide; ETMoney focuses on investments only","Free downloadable templates, app comparison matrix, video walkthrough, integration tips with PL Capital dashboard","25-40 days","94","zero based budgeting india","budgeting templates india, best budgeting apps 2025","ymyl","1900","","None","1","","AI Analysis","Yes","2025-10-13T08:12:06.204Z"
"GAP-094","robo_advisory","Robo‑Advisors in India 2025: Features, Fees, and Performance Benchmarks","6800","36","Medium","Only PaytmMoney mentions robo‑advisory in a 400‑word FAQ; no deep comparison across providers","Comprehensive matrix, performance back‑test for 2022‑2024, fee breakdown, regulator‑approved disclaimer","55-70 days","81","robo advisor india","best robo advisor 2025, robo advisor fees india, robo advisor performance","ymyl","2600","1","SEBI advisory guidelines","","1","AI Analysis","Yes","2025-10-13T08:16:50.784Z"
"GAP-095","wealth_apps","Top 10 Wealth Management Apps in India – Feature Comparison 2025","11200","30","High","Most competitors showcase only their own app; no neutral side‑by‑side comparison","Interactive comparison table, user‑review aggregation, security & data‑privacy scores","40-55 days","90","wealth management apps india","best wealth app 2025, wealth app comparison, investment app security","ymyl","2400","","RBI data‑privacy guidelines","","1","AI Analysis","Yes","2025-10-13T08:16:50.784Z"
"GAP-096","index_investing","Index Investing in India: A Beginner's Guide 2025","10000","25","Medium","Sparse step‑by‑step guides; no up‑to‑date fund performance tables","Step‑by‑step onboarding flow, live performance dashboard, downloadable PDF checklist","30-45 days","88","index investing in India","how to invest in index funds,best index funds India 2025","informational","2000","false","SEBI disclosure","false","true","AI Analysis","Yes","2025-10-13T09:56:34.712Z"
"GAP-097","systematic_investing","Systematic Investing in Mutual Funds: A Comprehensive Guide","8000","22","High","Limited SIP vs lump‑sum analysis; calculators not embedded in content","Embedded SIP calculator, side‑by‑side SIP vs lump‑sum ROI charts, case studies","45-60 days","90","systematic investing in mutual funds","SIP investment guide,SIP vs lump sum","ymyl","2500","true","SEBI disclosure,Risk warning","false","true","AI Analysis","Yes","2025-10-13T09:56:34.712Z"
"GAP-098","robo_advisory","Robo Advisory in India: The Future of Investment Management","6000","20","Medium","No dedicated robo‑advisory hub; scattered mentions only","Full taxonomy of robo‑advisors, risk‑profiling quiz, regulatory compliance checklist","30-45 days","82","robo advisory in India","automated investment management,best robo advisor India","informational","2000","false","SEBI disclosure","false","true","AI Analysis","Yes","2025-10-13T09:56:34.712Z"
"GAP-099","wealth_apps","Best Wealth Management Apps in India: A Comprehensive Review 2025","10000","25","High","Only product listings; no side‑by‑side feature matrix or user‑experience scores","Interactive comparison table, video walkthroughs, expert rating system","45-60 days","95","best wealth management apps in India","wealth app comparison,top wealth apps 2025","ymyl","2500","true","SEBI disclosure,Risk warning","false","true","AI Analysis","Yes","2025-10-13T09:56:34.712Z"
"GAP-100","systematic_investing","Best SIP Investment Strategies for 2025","10000","25","High","ETMoney SIP guide limited to calculator, no strategy depth","Step‑by‑step 2025 SIP plans, risk‑adjusted returns, downloadable spreadsheet","30-45 days","90","SIP investment strategies","best SIP investments 2025, SIP calculator, SIP vs lump sum","ymyl","2000","true","SEBI disclosure,Risk warning","false","true","AI Analysis","Yes","2025-10-16T13:54:57.664Z"
"GAP-101","stock_market","Stock Market Investing for Beginners","15000","30","Medium","Zerodha content too technical for novices","Plain‑language guide, infographics, beginner checklist, FAQs","45-60 days","85","stock market investing for beginners","stock market basics, how to start investing in stocks","ymyl","2500","false","SEBI disclosure,Risk warning","false","true","AI Analysis","Yes","2025-10-16T13:54:57.664Z"
"GAP-102","algorithmic_trading","Algorithmic Trading Strategies for Indian Markets","8000","35","High","PaytmMoney and INDmoney have minimal algorithmic‑trading content","Python code snippets, back‑testing results on Nifty, compliance checklist","60-90 days","80","algorithmic trading strategies","algorithmic trading in India, quantitative trading","ymyl","3000","true","SEBI disclosure,Risk warning","false","true","AI Analysis","Yes","2025-10-16T13:54:57.664Z"
"GAP-103","mutual_funds","Top 10 Mutual Funds for SIP in 2025","12000","28","High","ETMoney list still reflects 2023 performance","2025 performance tables, expense‑ratio comparison, tax‑saving analysis","45-60 days","95","best mutual funds for SIP","top mutual funds 2025, SIP mutual fund ranking","ymyl","2500","true","SEBI disclosure,Risk warning","false","true","AI Analysis","Yes","2025-10-16T13:54:57.664Z"
"GAP-104","wealth_apps","Best Investment Apps for Indians 2025","10000","25","Medium","INDmoney’s app comparison page is outdated and lacks SEO focus","Feature matrix, user‑review scores, security audit summary, downloadable comparison chart","30-45 days","90","best investment apps","top investment apps in India, investment app reviews 2025","ymyl","2000","false","SEBI disclosure,Risk warning","false","true","AI Analysis","Yes","2025-10-16T13:54:57.664Z"
"GAP-105","robo_advisory","Best Robo Advisory Services in India 2025","8000","30","High","PaytmMoney mentions robo advisory only in passing; no detailed comparison","Side‑by‑side feature table, fee breakdown, risk‑profile matching, expert interview","45-60 days","85","best robo advisory services","top robo advisor in India, robo advisory reviews","ymyl","2500","false","SEBI disclosure,Risk warning","false","true","AI Analysis","Yes","2025-10-16T13:54:57.664Z"
"GAP-106","digital_gold","Investing in Digital Gold in India: 2025 Guide","6000","22","Medium","Groww’s digital gold page lacks tax implications and performance comparison","Tax treatment table, comparison of 5 platforms, safety checklist, video demo","30-45 days","80","digital gold investment","investing in digital gold, digital gold benefits","ymyl","2000","false","SEBI disclosure,Risk warning","false","true","AI Analysis","Yes","2025-10-16T13:54:57.664Z"
"GAP-107","fractional_investing","Fractional Investing in Indian Stocks: How It Works in 2025","7000","25","Medium","INDmoney mentions fractional stocks but no dedicated guide or SEO focus","Step‑by‑step walkthrough, broker comparison, cost analysis, FAQs","45-60 days","85","fractional investing in India","fractional investing benefits, fractional stock investing","ymyl","2500","false","SEBI disclosure,Risk warning","false","true","AI Analysis","Yes","2025-10-16T13:54:57.664Z"
"GAP-108","fintech_regulation","Understanding Fintech Regulations in India 2025","5000","30","Low","Groww and INDmoney have only brief mentions of SEBI/RBI rules","Comprehensive 2025 regulatory map, compliance checklist for investors, expert commentary","60-90 days","80","fintech regulations in India","fintech regulatory updates, fintech compliance","ymyl","2500","false","SEBI disclosure,Risk warning","false","true","AI Analysis","Yes","2025-10-16T13:54:57.664Z"
"GAP-109","systematic_investing","Step‑by‑Step SIP Planner for 2025 with Tax Optimisation","9500","26","High","ETMoney SIP calculator lacks tax‑saving scenarios; Paytm Money UI is clunky","Dynamic tax‑saving projection, downloadable Excel, AI‑driven recommendation engine","30-45 days","90","sip planner 2025","sip calculator tax saving,sip best practices 2025,sip vs lump sum","ymyl","2200","true","SEBI SIP guidelines,Risk disclaimer","true","false","AI Analysis","Yes","2025-10-16T14:03:45.047Z"
"GAP-110","retirement_planning","NPS vs EPF vs Private Pension: Which Is Best for Millennials in 2025?","10200","31","High","ETMoney covers NPS basics but no side‑by‑side comparison; Groww lacks retirement focus","Interactive comparison tool, ROI projections, tax benefit calculator, video explainer","45-60 days","92","nps vs epf","best retirement plan 2025,private pension india,retirement planning for millennials","ymyl","2600","true","SEBI pension regulations,RBI guidelines,disclaimer","false","true","AI Analysis","Yes","2025-10-16T14:03:45.047Z"
"GAP-111","tax_planning","Tax‑Saving Strategies for High‑Net‑Worth Individuals in 2025","8600","34","High","ETMoney focuses on retail tax saving; no HNI‑specific playbook","Detailed section on ELSS, NPS, insurance, family trusts, and offshore structures with calculator widgets","50-65 days","89","tax saving strategies hni","hni tax planning india,wealth tax mitigation 2025,high net worth tax tips","ymyl","3000","true","Income Tax Act references, SEBI advisory, RBI foreign investment rules","false","true","AI Analysis","Yes","2025-10-16T14:03:45.047Z"
"GAP-112","stock_market","Understanding the Nifty 50 Volatility Index (VIX) and How to Trade It in 2025","7800","30","Medium","Zerodha Varsity covers VIX basics but no actionable trading strategies; Paytm Money lacks educational depth","Live VIX chart embed, strategy back‑testing results, risk management guide, expert trader interview","40-55 days","84","nifty vix trading","how to trade vix india,volatility index strategies, vix futures tutorial","ymyl","2600","true","SEBI derivatives disclosure, risk warning","false","true","AI Analysis","Yes","2025-10-16T14:03:45.047Z"
"GAP-113","robo_advisory","Robo Advisory vs Traditional Advisory: Which Is Right for Indian Investors?","8200","30","Medium","Zerodha’s Varsity has no dedicated robo‑advisory comparison content","Side‑by‑side feature matrix, cost comparison, regulatory compliance checklist","45-60 days","85","robo advisory vs traditional advisory","best robo advisor india, robo advisory fees, robo advisory regulations","ymyl","2400","true","SEBI advisory guidelines","false","true","AI Analysis","Yes","2025-10-17T10:38:40.888Z"
"GAP-114","algorithmic_trading","Beginner’s Guide to Algorithmic Trading on Indian Exchanges (2025)","7200","34","Medium","Zerodha’s Varsity touches algorithms superficially; no practical code snippets","Python code library, backtesting sandbox, compliance checklist","50-65 days","80","algorithmic trading india guide","algorithmic trading python india, algo trading platforms india, algo trading regulations","ymyl","2800","true","SEBI algo trading guidelines","false","true","AI Analysis","Yes","2025-10-17T10:38:40.888Z"
"GAP-115","fintech_regulation","2025 SEBI & RBI Regulatory Changes Impacting WealthTech Startups","4800","36","Low","ETMoney and Paytm Money have scattered regulatory blogs, no consolidated update","Comprehensive table of changes, compliance checklist, interview with regulator","55-70 days","82","sebi rbi regulatory changes 2025","wealthtech regulation india 2025, fintech compliance india, sebi guidelines wealthtech","ymyl","3200","true","SEBI & RBI citation required","false","true","AI Analysis","Yes","2025-10-17T10:38:40.888Z"
"GAP-116","tax_planning","Tax‑Efficient Investment Strategies for Indian Salaried Professionals 2025","13000","26","High","ETMoney’s tax planner lacks scenario‑based recommendations for salaried vs self‑employed","Interactive tax‑saving calculator, downloadable tax‑saving plan, expert video series","30-45 days","94","tax efficient investment india","tax saving investments 2025, best tax saving funds india, tax planning for salaried","ymyl","2600","true","Income Tax Act disclaimer, SEBI risk warning","true","true","AI Analysis","Yes","2025-10-17T10:38:40.888Z"
"GAP-117","fintech_regulation","SEBI & RBI 2025 Regulatory Changes Impacting WealthTech Platforms","5400","30","Low","Only Zerodha posts occasional updates; no consolidated guide","Chronological timeline, impact matrix for each product line, downloadable compliance checklist","45-60 days","80","wealthtech regulations 2025","sebi fintech guidelines, rbi digital wealth rules, wealthtech compliance checklist","ymyl","2800","true","SEBI, RBI","false","true","AI Analysis","Yes","2025-10-23T15:53:28.726Z"
"GAP-118","tax_planning","Tax Planning for High‑Net‑Worth Individuals in 2025: Capital Gains, Wealth Tax, and International Assets","6200","34","High","ETMoney and INDmoney have generic tax articles; no HNI‑specific deep dive","Detailed capital‑gains calculator, case studies, downloadable tax‑saving checklist, lawyer interview","45-60 days","90","tax planning hni india","capital gains tax india 2025, wealth tax exemption india, international asset tax india","ymyl","3400","true","Income Tax Act compliance, SEBI reporting norms","false","true","AI Analysis","Yes","2025-10-23T15:53:28.726Z"
"GAP-119","estate_planning","Estate Planning in India: Wills, Trusts, and Succession for Digital Assets 2025","3800","28","Medium","None of the five competitors have a dedicated estate‑planning guide; only scattered mentions","Step‑by‑step legal checklist, digital asset inclusion guide, interactive will‑builder widget","40-55 days","84","estate planning india","digital assets will india, trust registration india, succession planning tax india","ymyl","2800","true","Indian Succession Act, SEBI KYC for digital assets","false","true","AI Analysis","Yes","2025-10-23T15:53:28.726Z"
"GAP-120","systematic_investing","Systematic Investment Plans (SIP) vs Lump‑Sum: 2025 Data‑Driven Comparison","9500","26","Medium","ETMoney and Groww present generic SIP guides without real‑time performance charts","Dynamic chart showing historical SIP vs lump‑sum returns across 10 asset classes, downloadable Excel model, expert commentary","40-55 days","90","sip vs lump sum","sip calculator 2025, lump sum investment returns, best sip plans 2025","ymyl","2200","true","SEBI risk disclaimer","","1","AI Analysis","Yes","2025-10-23T16:10:03.966Z"
"GAP-121","alternative_investments","Alternative Investment Options in India 2025: REITs, InvITs, and Crypto‑Friendly Funds","6100","33","Medium","Only INDmoney lists REITs; none provide a comparative guide or risk framework for crypto‑linked funds","Side‑by‑side comparison matrix, risk‑adjusted return charts, legal compliance overview (SEBI & RBI), expert interview with fund manager","50-70 days","82","alternative investments india 2025","best reits india 2025, invest in invits, crypto funds india","ymyl","2400","true","SEBI product disclosures, RBI crypto policy note","","1","AI Analysis","Yes","2025-10-23T16:10:03.966Z"
"GAP-122","derivatives","Complete Guide to Futures and Options Trading in India 2025","12000","24","High","Groww and PaytmMoney have only brief FAQs; Zerodha’s content is technical and platform‑centric; ETMoney and INDmoney lack depth.","2025 regulatory updates, step‑by‑step video series, interactive P&L calculator, downloadable cheat‑sheet.","45-60 days","96","futures and options trading india","options trading guide india, futures trading tutorial, derivatives basics 2025","ymyl","3200","true","SEBI disclosure,Risk warning","false","true","AI Analysis","Yes","2025-10-27T09:07:51.666Z"
"GAP-123","derivatives","Top 10 Options Strategies for Indian Retail Traders","9500","27","High","Only Zerodha covers strategies but without practical examples; others ignore advanced strategies.","Real‑world case studies, profit‑loss simulators, tax impact analysis per strategy.","50-70 days","92","options strategies india","best options strategies for beginners, iron condor india, straddle strategy nse","ymyl","2800","true","SEBI disclosure,Risk warning","false","true","AI Analysis","Yes","2025-10-27T09:07:51.666Z"
"GAP-124","derivatives","Hedging with Futures and Options: A Practical Handbook","7200","22","Medium","No competitor provides a dedicated hedging guide; existing content is scattered.","Sector‑wise hedging examples, downloadable hedging calculator, compliance checklist.","40-55 days","88","hedging with futures and options","how to hedge stock portfolio india, futures hedging strategies, options hedging guide","ymyl","2600","true","SEBI disclosure,Risk warning","false","true","AI Analysis","Yes","2025-10-27T09:07:51.666Z"
"GAP-125","derivatives","Commodity Futures Trading in India: Opportunities & Risks 2025","6800","25","Medium","Only PaytmMoney mentions commodity futures in a single line; others lack any dedicated content.","Live commodity contract list, margin calculator, risk‑management matrix, SEBI compliance notes.","45-65 days","85","commodity futures trading india","gold futures india, crude oil futures trading, commodity futures margin calculator","ymyl","2500","true","SEBI disclosure,Risk warning","false","true","AI Analysis","Yes","2025-10-27T09:07:51.666Z"
"GAP-126","derivatives","Index Futures & Options Explained: Nifty & Bank Nifty 2025","8200","23","High","Zerodha covers index futures but lacks beginner‑friendly breakdown; Groww and PaytmMoney only list live prices.","Interactive index‑contract explorer, strategy builder for spreads, tax implications of index derivatives.","40-55 days","90","index futures and options india","nifty futures guide, bank nifty options strategies, index options trading tutorial","ymyl","2700","true","SEBI disclosure,Risk warning","false","true","AI Analysis","Yes","2025-10-27T09:07:51.666Z"
"GAP-127","derivatives","Advanced Options Strategies: Straddles, Strangles, Iron Condors","5400","28","Medium","No competitor provides a consolidated guide; existing articles are fragmented and lack calculators.","Profit‑loss visualizer, scenario analysis tool, step‑by‑step execution checklist.","55-75 days","82","advanced options strategies india","iron condor strategy india, straddle options trading, options strangle tutorial","ymyl","3000","true","SEBI disclosure,Risk warning","false","true","AI Analysis","Yes","2025-10-27T09:07:51.666Z"
"GAP-128","derivatives","Futures Trading for Beginners: Step‑by‑Step Blueprint","7700","21","High","ETMoney and INDmoney have no dedicated futures tutorial; Groww’s content is limited to price quotes.","Video walkthrough, live demo account integration, risk‑reward calculator.","35-50 days","94","futures trading tutorial india","how to trade futures india, futures trading basics, futures contract size india","ymyl","2400","true","SEBI disclosure,Risk warning","false","true","AI Analysis","Yes","2025-10-27T09:07:51.666Z"
"GAP-129","mutual_funds","Best Mutual Funds for SIP in 2025: Rankings & Calculator","10500","20","High","ETMoney’s list is 2022‑based; PaytmMoney’s SIP page lacks performance comparison.","2025 performance data, expense‑ratio filter, interactive SIP calculator, tax‑saving analysis.","30-45 days","89","best sip mutual funds india","top mutual funds for sip 2025, sip mutual fund calculator, low expense ratio funds","ymyl","2600","true","SEBI disclosure,Risk warning","false","true","AI Analysis","Yes","2025-10-27T09:07:51.666Z"
"GAP-130","index_investing","Index Funds vs Mutual Funds: Which is Better for 2025 Investors?","11800","26","High","Groww focuses on mutual funds; Zerodha’s index content is limited to passive investing; no side‑by‑side comparison.","2025 expense‑ratio trends, performance heatmap, interactive comparison tool, video explainer.","45-60 days","91","index funds vs mutual funds","best index funds 2025, index fund calculator, mutual fund vs index fund returns","ymyl","2500","true","SEBI disclosure,Risk warning","false","true","AI Analysis","Yes","2025-10-27T09:07:51.666Z"
"GAP-131","robo_advisory","Top Robo‑Advisory Platforms in India 2025: Features & Fees","6200","24","Medium","Only PaytmMoney mentions robo advisory in a blog; others have no dedicated comparison.","Feature matrix, fee breakdown, AI‑driven portfolio simulation, compliance checklist.","55-70 days","84","best robo advisory india","robo advisor comparison india, automated investment platforms, robo advisory fees 2025","ymyl","2800","true","SEBI disclosure,Risk warning","false","true","AI Analysis","Yes","2025-10-27T09:07:51.666Z"
"GAP-132","wealth management","Complete Guide to Building a Multi‑Asset Wealth Portfolio in 2025","14000","32","High","All competitors offer only single‑asset (mutual fund or stock) guides; no end‑to‑end multi‑asset framework.","Interactive portfolio builder, expert video interviews, 2025 regulatory checklist (SEBI, RBI).","45-60 days","96","wealth portfolio guide 2025","multi asset portfolio india, wealth management steps, portfolio allocation calculator","ymyl","3000","true","SEBI disclosure,RBI compliance,Risk warning","false","true","AI Analysis","Yes","2025-11-18T12:44:08.166Z"
"GAP-133","wealth_management","Comprehensive Guide to Wealth Maximization vs Profit Maximization (2025 Update)","14000","27","High","All competitors only touch the topic superficially; no in‑depth comparative analysis or case studies.","Provide a data‑driven comparison, include Indian case studies, embed interactive ROI calculator, cite SEBI guidelines.","45-60 days","96","wealth maximization vs profit maximization","wealth maximization theory, profit vs wealth, SEBI wealth maximization","ymyl","3000","true","SEBI disclosure, risk warning","false","true","AI Analysis","Yes","2025-11-18T19:20:01.137Z"
"GAP-134","wealth_management","Top 7 Wealth Maximization Strategies for Indian Investors in 2025","12500","30","Medium","Zerodha focuses on trading tactics; Groww and ETMoney lack a consolidated strategy list.","Create a step‑by‑step framework, embed scenario‑based calculators, link to product offerings.","30-45 days","92","wealth maximization strategies","wealth creation strategies india, wealth building tips 2025, maximize wealth investments","ymyl","2500","true","SEBI disclaimer","false","true","AI Analysis","Yes","2025-11-18T19:20:01.137Z"
"GAP-135","wealth_management","Tax‑Efficient Wealth Maximization: A 2025 Blueprint","11200","32","High","ETMoney and PaytmMoney have tax calculators but no holistic tax‑efficient wealth maximization guide.","Integrate tax‑saving instruments (ELSS, NPS, ULIPs) into a unified wealth maximization model with downloadable worksheets.","45-60 days","94","tax efficient wealth maximization","wealth maximization tax planning, tax saving wealth strategies, SEBI tax guidelines","ymyl","2800","true","SEBI & RBI tax advisory disclaimer","false","true","AI Analysis","Yes","2025-11-18T19:20:01.137Z"
"GAP-136","wealth_management","Dynamic Asset Allocation for Wealth Maximization Using Indian Index Funds","9800","29","Medium","Groww and INDmoney list index funds but lack a dynamic allocation model tied to wealth maximization goals.","Build an interactive allocation tool, back‑tested with 10‑year Indian market data, and embed expert video walkthrough.","40-55 days","90","dynamic asset allocation wealth maximization","index fund allocation wealth, wealth maximization portfolio india, asset allocation calculator","ymyl","2600","true","SEBI disclosure, risk warning","false","true","AI Analysis","Yes","2025-11-18T19:20:01.137Z"
"GAP-137","wealth_management","Wealth Maximization for Retirement: Building a ₹5 Crore Corpus by 2045","8700","31","High","Retirement content exists but not framed around wealth maximization metrics; missing long‑term projection models.","Offer a retirement wealth maximization calculator, scenario analysis (inflation, returns), and expert interview series.","45-60 days","93","wealth maximization retirement","retirement wealth planning india, maximize retirement corpus, retirement wealth calculator","ymyl","3000","true","SEBI & RBI retirement product disclaimer","false","true","AI Analysis","Yes","2025-11-18T19:20:01.137Z"
"GAP-138","wealth_management","Wealth Maximization Playbook for High‑Net‑Worth Individuals (HNIs) in India","7200","35","High","Only INDmoney touches HNI segment; lacks a structured wealth maximization framework.","Create a multi‑layered strategy covering alternative assets, tax structuring, and family office services; include downloadable PDF.","50-65 days","88","wealth maximization for HNI","HNIs wealth planning india, wealth maximization private banking, high net worth wealth strategies","ymyl","3200","true","SEBI private placement guidelines, RBI KYC norms","false","true","AI Analysis","Yes","2025-11-18T19:20:01.137Z"
"GAP-139","wealth_management","Wealth Maximization 101: A Beginner’s Course with Certification","6600","28","Medium","Zerodha’s Varsity is technical; Groww and ETMoney lack a structured beginner course focused on wealth maximization.","Develop a free 5‑module course, include quizzes, certificate, and embed a community forum.","30-45 days","91","wealth maximization course","wealth maximization certification india, beginner wealth maximization guide, wealth education online","ymyl","2200","true","SEBI educational disclaimer","false","true","AI Analysis","Yes","2025-11-18T19:20:01.137Z"
"GAP-140","wealth_management","AI‑Driven Wealth Maximization: How Machine Learning Optimizes Indian Portfolios","5400","34","Medium","INDmoney mentions AI but no deep dive on AI for wealth maximization; others ignore the tech angle.","Publish a research‑backed whitepaper, include case studies, and a demo of an AI allocation tool.","55-70 days","85","AI wealth maximization","machine learning portfolio optimization india, AI wealth planning, tech driven wealth maximization","ymyl","2800","true","SEBI algorithmic advisory disclaimer","false","true","AI Analysis","Yes","2025-11-18T19:20:01.137Z"
"GAP-141","wealth_management","Protecting Wealth: Inflation‑Adjusted Wealth Maximization Strategies for 2025‑2035","4700","29","Low","No competitor addresses inflation‑adjusted wealth planning in a dedicated piece.","Provide inflation‑adjusted calculators, historical data charts, and actionable asset class recommendations.","40-55 days","84","inflation adjusted wealth maximization","wealth maximization inflation india, protect wealth from inflation, real assets wealth maximization","ymyl","2400","true","SEBI risk warning","false","true","AI Analysis","Yes","2025-11-18T19:20:01.137Z"
"GAP-142","wealth_management","Behavioral Finance: Psychological Traps that Hinder Wealth Maximization","4300","27","Low","Only Zerodha touches behavioral aspects lightly; no dedicated wealth maximization focus.","Create an interactive quiz, embed expert video, and link to actionable habit‑forming tools.","35-50 days","80","behavioral finance wealth maximization","psychology of wealth creation, wealth maximization biases, investor behavior india","ymyl","2100","true","SEBI disclaimer on advice","false","true","AI Analysis","Yes","2025-11-18T19:20:01.137Z"
"GAP-143","derivatives","Complete Guide to Silver ETF vs Physical Silver Investment 2025","12000","28","High","Groww has outdated 2023 data; Zerodha focuses only on passive investing","Include 2025 expense ratio changes, interactive calculator, video comparison, expert interview","45-60 days","95","silver etf vs physical etf","best silver etf in india,silver etf returns,silver etf vs physical silver","ymyl","2500","true","SEBI disclosure,Risk warning","false","true","AI Analysis","Pending","2026-01-13T19:07:18.198Z"
"GAP-144","derivatives","Silver ETF vs Physical Silver: Which is Better for Investment?","10000","25","High","Limited coverage on ETMoney.com and PaytmMoney.com","Side‑by‑side pros/cons table, tax impact calculator, real‑time price tracker","30-45 days","90","silver etf vs physical silver","silver etf vs physical silver investment,silver etf returns","ymyl","2000","true","SEBI disclosure,Risk warning","false","true","AI Analysis","Pending","2026-01-13T19:07:18.198Z"
"GAP-145","derivatives","Understanding Silver ETFs and Physical Silver Investments","8000","22","Medium","Outdated information on PaytmMoney.com and INDmoney.com","Updated 2025 data, expert commentary, interactive infographics","45-60 days","85","silver etf vs physical silver investment","silver etf vs physical silver,silver investment options","informational","1500","false","SEBI disclosure","true","false","AI Analysis","Pending","2026-01-13T19:07:18.198Z"
"GAP-146","derivatives","Silver ETF vs Physical Silver: A Beginner's Guide","6000","20","Low","Limited beginner‑friendly content on INDmoney.com","Step‑by‑step walkthrough, FAQs, glossary of terms","30-45 days","80","beginner's guide to silver etf","silver etf vs physical silver for beginners","informational","1000","false","SEBI disclosure","true","false","AI Analysis","Pending","2026-01-13T19:07:18.198Z"
"GAP-147","derivatives","The Pros and Cons of Silver ETF vs Physical Silver","5000","18","Medium","Groww lacks a dedicated pros/cons matrix","Detailed analysis with risk‑adjusted returns and storage cost comparison","30-45 days","85","pros and cons of silver etf","silver etf vs physical silver pros and cons","informational","1200","false","SEBI disclosure","true","false","AI Analysis","Pending","2026-01-13T19:07:18.198Z"
"GAP-148","derivatives","Tax Implications of Silver ETF vs Physical Silver Investment","4000","15","Low","Zerodha.com/varsity lacks detailed tax section","Comprehensive tax table, capital gains calculator, SEBI‑compliant disclaimer","45-60 days","80","tax implications of silver etf","silver etf tax implications vs physical silver","informational","1000","false","SEBI disclosure","false","false","AI Analysis","Pending","2026-01-13T19:07:18.198Z"
"GAP-149","derivatives","Risks Associated with Silver ETF vs Physical Silver Investment","3500","12","Low","ETMoney.com lacks a dedicated risk analysis page","Risk matrix, scenario analysis, expert risk‑mitigation tips","30-45 days","80","risks of silver etf vs physical silver","silver etf risks vs physical silver risks","informational","900","false","SEBI disclosure","true","false","AI Analysis","Pending","2026-01-13T19:07:18.198Z"
"GAP-150","derivatives","Investment Strategies for Silver ETF vs Physical Silver","3000","10","Medium","PaytmMoney.com lacks strategy‑focused content","Portfolio allocation models, SIP vs lump‑sum comparison, expert strategy guide","45-60 days","85","investment strategies for silver etf","silver etf investment strategies vs physical silver","informational","1200","true","SEBI disclosure","false","true","AI Analysis","Pending","2026-01-13T19:07:18.198Z"
"GAP-151","derivatives","Market Trends in Silver ETF vs Physical Silver Investment","2500","8","Low","INDmoney.com lacks up‑to‑date trend analysis","Monthly price charts, supply‑demand insights, expert commentary","30-45 days","80","market trends in silver etf","silver etf market trends vs physical silver","informational","1000","false","SEBI disclosure","true","false","AI Analysis","Pending","2026-01-13T19:07:18.198Z"
"GAP-152","derivatives","Choosing Between Silver ETF and Physical Silver Investment","2000","5","Medium","Groww lacks a decision‑making framework","Interactive decision tree, scenario‑based recommendations","45-60 days","85","choosing between silver etf and physical silver","silver etf vs physical silver investment choice","informational","900","true","SEBI disclosure","false","true","AI Analysis","Pending","2026-01-13T19:07:18.198Z"
"GAP-153","derivatives","Tax Implications of Silver ETF vs Physical Silver in India","3400","20","Medium","Tax sections are generic; no dedicated article on silver‑specific capital gains, STT, or GST.","Provide a tax calculator, cite latest Finance Act 2024, include expert commentary from chartered accountants.","40-55 days","88","silver etf tax implications","physical silver tax india, silver etf capital gains tax, tax on silver investment india","ymyl","1800","true","SEBI disclosure, Income Tax Act references","","1","AI Analysis","Pending","2026-01-14T04:54:43.686Z"
"GAP-154","derivatives","Risk & Return Profile: Silver ETFs vs Physical Silver (Historical Analysis 2010‑2024)","4100","23","High","Competitors provide only price charts; no volatility metrics, Sharpe ratio, or drawdown analysis.","Include statistical tables, Monte‑Carlo simulation, visual risk‑return scatter plot, and expert risk‑manager insights.","45-60 days","92","silver etf risk and return","physical silver risk return, silver etf volatility, silver investment performance comparison","ymyl","2300","true","SEBI disclosure, Risk warning","","1","AI Analysis","Pending","2026-01-14T04:54:43.686Z"
"GAP-155","derivatives","Liquidity & Accessibility: How Easy Is It to Trade Silver ETFs vs Buy Physical Silver?","2600","21","High","Only surface‑level statements; no data on average daily turnover, bid‑ask spreads, or delivery timelines for physical silver.","Present real‑time liquidity metrics, brokerage fee comparison, and a step‑by‑step guide for both options.","40-55 days","86","silver etf liquidity","physical silver liquidity, how to buy silver etf, silver etf trading volume india","ymyl","2000","true","SEBI disclosure, Risk warning","","1","AI Analysis","Pending","2026-01-14T04:54:43.686Z"
"GAP-156","derivatives","Storage & Security: Physical Silver vs ETF Custody Solutions","1800","18","Low","No dedicated article on storage costs, insurance, or vault security; only generic mentions.","Detail vault options, insurance premiums, compare with ETF custodial safety, include checklist PDF.","50-65 days","80","physical silver storage security","silver etf custody, secure storage for silver, silver storage insurance india","ymyl","1500","false","","","1","AI Analysis","Pending","2026-01-14T04:54:43.686Z"
"GAP-157","derivatives","Regulatory Landscape: SEBI & RBI Guidelines for Silver ETFs and Physical Silver","1200","22","Low","Regulatory sections are scattered; no consolidated guide covering both products.","Create a single authoritative page citing SEBI circulars, RBI storage regulations, and upcoming policy changes.","55-70 days","78","silver etf regulatory guidelines","SEBI silver ETF rules, RBI physical silver storage regulations, silver investment compliance india","ymyl","1300","true","SEBI disclosure, RBI compliance note","","1","AI Analysis","Pending","2026-01-14T04:54:43.686Z"
"GAP-158","derivatives","Investment Strategies: Using Silver ETFs and Physical Silver for Portfolio Diversification","3000","24","Medium","Strategy articles exist but never combine both assets; lack of allocation models and scenario analysis.","Provide model portfolios, allocation percentages, back‑tested results, and downloadable Excel templates.","45-60 days","89","silver investment strategy","silver etf portfolio allocation, physical silver diversification, silver as hedge in Indian portfolio","ymyl","2600","true","SEBI disclosure, Risk warning","","1","AI Analysis","Pending","2026-01-14T04:54:43.686Z"
"GAP-159","derivatives","Market Trends 2024: Demand Drivers for Silver ETFs vs Physical Silver in India","3400","25","High","Trend analysis is limited to generic metal price updates; no focus on Indian investor behavior or policy impact.","Incorporate data from RBI, SEBI, and industry reports; include expert market commentary and future outlook charts.","40-55 days","91","silver etf market trends 2024","physical silver demand india 2024, silver ETF inflows india, silver investment trends india","ymyl","2400","true","SEBI disclosure, Risk warning","","1","AI Analysis","Pending","2026-01-14T04:54:43.686Z"
"GAP-160","derivatives","Investor Education Hub: FAQs on Silver ETF vs Physical Silver","4200","19","High","FAQ sections are generic; no dedicated silver‑specific Q&A covering comparison, safety, and tax.","Compile 50+ FAQs, use schema markup for rich snippets, add short explainer videos.","35-50 days","93","silver etf vs physical silver faq","is silver etf better than physical silver, how safe is silver etf, can I hold physical silver in demat","ymyl","3000","false","SEBI disclosure, Risk warning","","1","AI Analysis","Pending","2026-01-14T04:54:43.686Z"
"GAP-161","derivatives","Case Studies: Real‑World Investor Experiences with Silver ETFs and Physical Silver","1500","22","Medium","No published case studies or success stories specific to silver assets.","Interview 5 Indian investors, present before‑after portfolio performance, include downloadable case PDFs.","55-70 days","84","silver etf case study","physical silver investment story, silver etf investor experience india, real world silver investment outcomes","ymyl","2200","true","SEBI disclosure, Risk warning","","1","AI Analysis","Pending","2026-01-14T04:54:43.686Z"
"GAP-162","derivatives","Silver ETF: Complete Beginner’s Guide (2025 Edition)","7200","22","Medium","All five competitors only have thin articles (<600 words) and lack step‑by‑step onboarding.","8000‑word guide with interactive calculator, video walkthrough, and downloadable PDF checklist.","30-45 days","92","silver etf","silver etf guide, how to invest in silver etf, silver etf for beginners","ymyl","2500","false","SEBI disclosure, risk warning","false","true","AI Analysis","Pending","2026-01-14T06:11:11.967Z"
"GAP-163","derivatives","Tax Implications of Investing in Silver ETFs in India","3200","20","Low","ETMoney and INDmoney list tax rates but lack a full breakdown for LTCG, STCG, and dividend tax.","Detailed tax calculator, year‑wise tax scenario tables, and compliance checklist.","20-30 days","78","silver etf tax","silver etf tax implications, silver etf capital gains tax","informative","1300","false","SEBI disclosure, tax advisory disclaimer","true","false","AI Analysis","Pending","2026-01-14T06:11:11.967Z"
"GAP-164","derivatives","How to Buy Silver ETFs on Major Indian Platforms (Step‑by‑Step)","5600","24","Medium","PaytmMoney and Groww provide only generic “how to buy” FAQs; no visual guide.","Platform‑specific screenshots, video demo, and a comparison table of brokerage fees.","30-45 days","88","how to buy silver etf","buy silver etf india, silver etf purchase guide","tutorial","2100","false","SEBI disclosure, broker disclaimer","false","true","AI Analysis","Pending","2026-01-14T06:11:11.967Z"
"GAP-165","derivatives","Top 5 Silver ETFs Available in India (2025 Review)","4800","26","High","Only Zerodha lists ETFs in a generic table; no performance metrics or expense ratio comparison.","Up‑to‑date 2025 performance, expense ratios, dividend yields, and risk scores.","35-50 days","90","best silver etf india","top silver etf 2025, silver etf performance india","listicle","2000","false","SEBI disclosure, risk warning","false","true","AI Analysis","Pending","2026-01-14T06:11:11.967Z"
"GAP-166","derivatives","Silver ETF SIP Strategies: Building a Low‑Cost Silver Portfolio","2600","21","Medium","No competitor discusses systematic investment plans for silver ETFs.","SIP calculator, scenario analysis, and recommended allocation percentages.","25-40 days","80","silver etf sip","silver etf systematic investment plan, silver etf monthly investment","guide","1500","false","SEBI disclosure, risk warning","true","false","AI Analysis","Pending","2026-01-14T06:11:11.967Z"
"GAP-167","derivatives","Risk Profile of Silver ETFs: Volatility, Tracking Error & Liquidity","1900","23","Low","Zerodha mentions risk in passing; no dedicated risk‑analysis page.","Statistical charts, historical volatility comparison with gold ETFs and silver commodities.","30-45 days","75","silver etf risk","silver etf volatility, silver etf tracking error","analysis","1700","true","SEBI disclosure, risk warning","false","true","AI Analysis","Pending","2026-01-14T06:11:11.967Z"
"GAP-168","derivatives","Silver ETF Dividend Yield Explained: What Investors Need to Know","1400","19","Low","Only ETMoney lists dividend yield in a table; no explanatory content.","Breakdown of dividend distribution frequency, tax treatment, and reinvestment options.","20-35 days","70","silver etf dividend","silver etf dividend yield, silver etf dividend tax","informative","1200","false","SEBI disclosure, tax disclaimer","true","false","AI Analysis","Pending","2026-01-14T06:11:11.967Z"
"GAP-169","derivatives","Future Outlook: Silver ETF Market Trends in India (2025‑2028)","2100","27","Medium","No forward‑looking content; all competitors focus on current data only.","Expert interview, macro‑economic drivers, demand‑supply forecast, and regulatory roadmap.","45-60 days","84","silver etf outlook","silver etf market forecast 2025, silver etf future trends india","thought‑leadership","2500","true","SEBI disclosure, forward‑looking statements disclaimer","false","true","AI Analysis","Pending","2026-01-14T06:11:11.967Z"
"GAP-170","derivatives","Silver ETF Fees & Expense Ratios: How to Minimize Costs","3400","22","Medium","Fee tables are scattered; no consolidated comparison.","Interactive fee comparison tool, hidden cost checklist, and broker fee overlay.","30-45 days","86","silver etf fees","silver etf expense ratio, silver etf cost analysis","guide","1800","false","SEBI disclosure, cost disclaimer","false","true","AI Analysis","Pending","2026-01-14T06:11:11.967Z"
"GAP-171","derivatives","Complete Guide to Silver ETFs vs Gold ETFs 2025","12000","28","High","Groww lists only basic specs; Zerodha has no comparative analysis; ETMoney data stops at 2023.","Up‑to‑date 2025 expense ratios, side‑by‑side performance charts, interactive calculator, video explainer.","45-60 days","95","silver etf vs gold etf","silver vs gold etf returns, best silver etf 2025, gold etf comparison","ymyl","2500","true","SEBI disclosure,Risk warning","false","true","AI Analysis","Pending","2026-01-14T07:01:36.368Z"
"GAP-172","derivatives","Silver ETF vs Silver Mutual Fund: Which Is Better for 2025?","6400","27","High","Competitors treat them as separate products; no side‑by‑side comparison.","Feature matrix, risk‑return scatter plot, cost‑benefit analysis, user polls.","45-60 days","87","silver etf vs silver mutual fund","silver etf vs mutual fund returns, silver fund comparison 2025","analysis","2400","true","SEBI disclosure,Risk warning","false","true","AI Analysis","Pending","2026-01-14T07:01:36.368Z"
"GAP-173","derivatives","Understanding Expense Ratios of Indian Silver ETFs","5300","20","Low","Expense ratios are listed in tables only; no explanation of impact on returns.","Interactive calculator showing net returns after expense, expert commentary on fee trends.","30-45 days","80","silver etf expense ratio","lowest expense silver etf india, expense ratio impact silver etf","guide","1500","false","SEBI disclosure,Risk warning","true","false","AI Analysis","Pending","2026-01-14T07:01:36.368Z"
"GAP-174","derivatives","Impact of Global Silver Prices on Indian Silver ETFs","6200","30","Medium","Only generic market news; no focused analysis linking global spot price to Indian ETF NAV.","Monthly price correlation charts, expert macro commentary, forward‑looking price scenarios.","45-60 days","84","global silver price impact etf india","silver spot price etf india, silver price correlation etf","analysis","2100","true","SEBI disclosure,Risk warning","false","true","AI Analysis","Pending","2026-01-14T07:01:36.368Z"
"GAP-175","derivatives","Silver ETF Portfolio Allocation Strategies for 2025","5400","26","High","Few competitors provide allocation models; most only list the product.","Model portfolios (conservative, balanced, aggressive), back‑tested results, downloadable Excel templates.","40-55 days","86","silver etf portfolio allocation","silver etf allocation model, silver etf investment strategy 2025","guide","2300","true","SEBI disclosure,Risk warning","false","true","AI Analysis","Pending","2026-01-14T07:01:36.368Z"
"GAP-176","derivatives","Frequently Asked Questions About Silver ETFs in India","7800","18","Low","FAQ sections are generic; no dedicated silver‑ETF FAQ.","Comprehensive 30‑question FAQ, schema markup for rich snippets, video answers.","30-45 days","82","silver etf faq","silver etf questions, silver etf how does it work","faq","1600","false","SEBI disclosure,Risk warning","true","false","AI Analysis","Pending","2026-01-14T07:01:36.368Z"
